      1   33234722
      1   37213342
      1  -XIII and -XIV from Rubia cordifolia."
      1  10076567
      1  10219842
      1  10872506
      1  11040865
      1  11195796
      1  11352466
      1  11384108
      1  11594464
      1  11749698
      1  12 dimethyl benz(a)anthracene (DMBA)-induced mammary gland carcinogenesis in Sprague Dawley rats."
      1  12139489
      1  12354357
      1  12354359
      1  12602939
      1  12636873
      1  12721516
      1  12756091
      1  12970885
      1  1320035
      1  1371719
      1  14611670
      1  14669304
      1  15090732
      1  1512292
      1  15278371
      1  15521788
      1  15527698
      1  15545316
      1  15639803
      1  15641149
      1  15642945"
      1  15844002
      1  1586590"
      1  15866766
      1  15929788
      1  15929788"
      1  15937560
      1  16181664
      1  16320114
      2  16425369
      1  16443698
      1  16473924"
      1  16480662
      1  16562864
      1  16590734"
      1  1663449
      1  16783403
      1  16873437
      1  16874858
      1  16914050
      1  17103244
      1  17133715"
      1  17173108
      1  17250858
      1  17502003
      1  17502003"
      1  17547460
      1  1760812"
      1  17608264
      2  17629775
      1  17639998
      1  17706752
      1  17877533
      1  17923876
      1  17960105
      1  17967889
      1  18032604
      1  18172309
      1  18264723
      1  18320248
      1  18404318
      1  18404328
      1  18408758
      1  18437212"
      1  18446458"
      1  18446848
      1  18500959
      1  18596657
      1  18632760
      1  18636317
      1  18678403
      1  18690681
      1  18690828
      1  18770867
      1  18825308
      1  18841326
      1  18844256
      1  18955257
      1  18955274"
      1  18955281
      1  19003113
      1  19018291
      1  19034627
      1  19040575
      1  19047123
      1  19052865
      1  19058971
      1  19099597
      1  19104484
      1  19151436
      1  19154411
      1  19161316
      1  19179760"
      1  19205752
      1  19214239
      1  19272127
      1  19291397
      1  19298677
      1  19305422
      1  19327566
      1  19412434
      1  19478555
      1  19480426
      1  19491364"
      1  19521547
      1  19568785
      1  19594929"
      1  19618251
      1  19636603
      1  19685105
      1  19695098
      1  19701130
      1  19701138
      1  19717638
      1  19725977
      1  19736221
      1  19736602
      1  19737401
      1  19752165
      1  19840938
      1  19920175
      1  19924094
      1  2-dimethylhydrazine in the rat."
      1  20046845
      1  20054473
      1  20060927
      1  20067467
      1  20067475
      1  20127421
      1  20130779
      1  20162049
      1  20175785
      1  20300974
      1  20307084
      1  2033026"
      1  20346134"
      1  20369292
      1  20414819
      1  20428448
      1  20432056
      1  20442819
      1  20459798
      1  20467331
      1  20490884
      1  20526745"
      1  20544273
      1  20552271
      1  2059969"
      1  20600583
      1  20617140
      1  20622017
      1  20629994
      1  20631884
      1  20649473
      1  20657500
      1  20661412
      1  20705048
      1  20718733
      1  20718753
      1  20731662
      1  20809417
      1  20818327
      2  20835386
      1  20846448
      1  20877235
      1  20877568
      2  20890754
      1  20924497
      1  20924969
      1  20929261
      1  20938794
      1  20970412
      2  20976304
      1  20981575
      1  21054851
      1  21072573
      1  21076542
      2  21120034
      1  21161605
      1  21185719
      1  21258738
      1  2125997
      1  21274285
      1  21274459
      1  21300828
      1  21303537
      1  2134746
      2  21364742
      1  21368722
      1  21414769
      1  21442031
      1  21461151
      1  21479515
      1  21484138
      1  21509666
      1  21520297
      1  21547085
      1  21547127
      3  21561421
      1  21566134
      1  21588760
      1  2167120
      1  21686137
      1  21686159
      1  21761174
      1  21772753
      1  21775935
      1  21785639
      1  21808575
      1  21826590
      1  21830091
      1  21833842
      1  21845460
      1  21847594
      1  21849051
      2  21852088
      1  21862957
      1  21863598"
      1  21864666
      1  21866249
      1  21866566
      1  21874622"
      1  21894557
      1  21924245
      1  21931523
      1  21969877
      1  21983805
      1  21988879
      1  21996718
      1  22001777
      2  22025779
      1  22047711
      1  22069560
      1  22069572
      1  22069735"
      1  22070679
      1  22093547
      1  22096316
      1  22113342
      1  22114617
      1  22128217
      1  22135603"
      1  22144766
      1  22159229
      1  22170088
      1  22173496
      1  22173778
      1  22189914
      1  22198211
      1  22198212
      1  22203865
      1  22203883
      1  22254011
      1  22269864
      1  22270559
      1  22272096
      1  2228736"
      2  22291649
      2  22293630
      1  22315701
      1  22319255
      1  22362314
      1  22415137
      1  22418932
      1  22435486
      1  22444772"
      1  22448229
      1  22448339
      1  22448640
      1  22454688
      1  22454693
      1  22458551
      1  22472049
      1  22473598
      2  22485147
      1  22489149
      1  22523691
      1  22524518
      1  22529479
      1  22533492
      1  22547227
      1  22567272
      1  22580738
      1  22619689
      2  22624139
      1  22629448"
      1  22654404
      1  22654956
      1  22659329
      1  22662241
      1  22666123
      1  22666172
      1  22666298
      1  22685485
      1  22690142
      1  22693529
      1  22694753
      1  22720002
      1  2272317
      1  22736280
      1  22745638
      2  22754058
      1  22767221
      1  22776996
      1  22778441
      1  22778547
      1  22780686
      1  22784390
      2  22787347
      1  22797601
      1  22810948
      2  22815798
      1  22821216"
      1  22824792
      1  22827934"
      1  22829958
      1  22834688
      1  22836184
      1  22848779
      1  22869005
      2  22871165
      2  22899371
      1  22900200"
      1  22916202
      1  22921066
      1  22922285
      1  22926031
      1  22931412
      1  22936318
      1  22951395
      1  22961443
      1  22969883
      1  22978798
      1  22980503"
      1  23011739
      1  23026306
      1  23029100
      1  23037165
      1  23047485
      1  23052712
      1  23069626
      1  23074661
      1  23085820
      2  23091557
      1  23095944
      1  23097741
      1  23108957
      1  23125487
      1  23139892
      1  23148884
      1  2317202
      1  23185555
      1  23205014
      1  23209640
      1  23210930
      1  23216113
      1  23230391
      1  23231862
      1  23231930
      1  23237355
      1  23265237
      1  2328549"
      1  23292278
      1  23300837
      1  23301897
      1  23305119
      1  23326283
      1  23338523"
      1  23340602
      1  23341930
      1  23377981
      1  23380593
      1  23388416
      1  23393005
      1  23394678
      1  23396488"
      1  23400333
      1  23402862
      1  23412973
      1  23441583
      1  23454141
      1  23456234
      1  23472074
      1  23472133
      1  23475945
      1  23497352
      1  23529834
      1  23543150
      1  23559908
      1  23569932
      1  23570520
      1  23571651
      1  23572913
      1  23577158
      2  23586842
      1  23593196
      1  23593577"
      1  23599803
      1  23606890
      1  23620854
      1  23624648
      1  23631917
      1  23637542
      1  23638293
      1  23642144
      1  23646037
      1  23674865
      1  23675107
      1  23686308
      1  23690850
      1  23690851
      1  23690855
      1  23717169
      1  23717482
      1  23719264
      1  23720738
      1  23737945
      1  23752355
      1  23754197
      1  23755372
      1  23771412
      1  23773282
      1  23800313
      1  23805102
      1  23833445
      1  23840320
      1  23852084
      1  23853057
      1  23857222
      1  23862156
      1  23872723
      1  23878603
      1  23895019
      1  23907590
      1  23914993
      1  23922467
      1  23935662
      1  23936642
      1  23948738
      1  23956767
      1  23956773
      1  23956781
      1  23961238
      1  23988171
      1  23991094
      2  23997793
      1  24003645
      1  24009828
      1  24009871
      1  24036512
      1  24039814
      1  24041220
      1  24044776
      1  24044895"
      1  24051213
      1  24065080
      1  24069047
      1  24072493
      1  24073414
      1  24082507
      1  24083202
      1  24084022
      1  24086508
      1  2408797
      1  24100733
      1  24103432
      1  24113920
      1  24115572
      1  24122127
      1  24129966
      1  24130040
      1  24143045
      1  24160768
      1  24169540
      1  24172241
      1  24194779
      1  24204387
      1  24223845
      1  24242335
      1  24256941
      1  24258286
      1  24267313
      1  24270742"
      1  24278578
      1  24288577
      1  24293398
      1  24297707
      1  24298354
      1  24303085
      1  24311868
      1  24324391
      1  24328702
      1  24345797
      1  24350290
      1  24351905
      1  24352020
      1  24363771
      1  24366428
      1  24368570
      1  24369490"
      1  24371229
      1  24379740
      1  24426195
      1  24427759
      1  24447826
      1  24453812
      1  24454490
      1  24458985
      1  24464249
      1  24467376
      1  24473904
      1  24477577
      1  24487567
      1  24501527
      1  24508063
      1  24509722
      1  24514944
      1  24520095
      1  24558477
      1  24563192
      1  24574140
      1  24586816
      1  24595819
      1  24600561"
      1  24605147
      1  24618844
      1  24639779
      1  24648246
      1  24649087
      1  24649131
      1  24653548
      1  24655440
      1  24658854
      1  24659402
      1  24669750
      1  24672319
      1  24672382
      1  24687305
      1  24688483
      2  24691971
      1  24696660
      1  24721607
      1  24729883
      1  24731259
      1  24736431
      1  24748733
      1  24748831
      1  24752475
      1  24755233
      1  24755250
      1  24757303
      1  24757415
      1  24761112
      1  24761112"
      1  24764656
      1  24769209
      1  24788392"
      1  24790636
      1  24792835
      1  24793354
      1  24803924
      1  24817575
      2  24833337
      1  24860609
      1  24872928
      1  24886861
      1  24900952
      1  24914276
      1  24916780
      1  24924310
      1  24926376
      1  24932289
      1  24940279
      1  24941000
      1  24952025
      1  24959718
      1  24963327
      1  24966944"
      1  24967005
      1  24995326
      1  25002129
      3  25004071
      1  25009751
      1  25013742
      1  25013759
      2  25014309
      4  25024508
      1  25031579
      1  25032003
      1  25035860
      1  25037270
      1  25045710
      1  25053991
      1  25056133
      1  25061471
      1  25061471"
      1  25067942
      1  2508478
      1  25089242
      1  25104437
      1  25133268
      1  25138305
      4  25147575
      1  25149157
      1  25149543
      1  25152760
      1  25161875
      1  25162959
      1  25176057
      1  25183065"
      1  25183099
      1  25183141
      1  25191092
      1  25197976
      1  25237368
      1  25238045
      1  25242838"
      1  25250165
      2  25252179
      1  25254051
      1  25257788
      1  25286183
      1  25294702
      1  25297058
      1  25298683
      1  25300344
      1  25318054
      1  25321473
      1  25337587
      2  25341935
      1  25341935"
      1  25345917
      1  25347458
      1  2535493
      1  25364233
      1  25379508
      1  25386406
      1  25392576
      1  25395836
      2  25401123
      1  25409943
      1  25466288
      1  25470276
      1  25478379
      1  25488051
      1  25492922
      1  25493373
      1  2549795
      1  25501282
      1  25512684
      1  25514216
      1  25515194
      1  25520580
      1  25520854
      1  25535898
      1  25543524
      1  25550040
      1  25558416
      1  25561758
      1  25561927
      1  25571970
      1  25587347
      1  25594381
      1  25596805
      1  25597755
      1  25598640
      1  25601441
      1  25610541"
      1  25628834
      1  25642298
      1  25648333
      1  25652009
      1  25652471
      1  25671062
      1  25705237
      1  25709476
      1  25709709
      1  25713759
      1  25726025
      1  25729243
      1  25739802
      1  25743061
      1  25752885
      1  25755757
      1  25762088
      1  25780691
      1  25780694
      1  25785932
      1  25792784
      1  25802548
      1  25808883
      1  25812084
      1  25815474
      1  25829794
      1  25834460
      1  25838173
      1  25839051
      1  25849065
      1  25849972
      1  25852766
      1  25853502
      1  25859300
      1  25861638
      1  25866725"
      1  25867765
      1  25883673
      1  25887757
      1  25888070
      1  25897683
      1  25903140
      1  25915429
      1  25916302
      1  25923413
      1  25926760
      1  25945113
      1  25948588
      1  25952541
      1  25963249
      1  25964721
      1  25969626
      1  25971889
      1  26007176
      1  26008228
      1  26018983
      1  26019736
      1  26049398
      1  26060405
      1  26076107
      1  26081438"
      1  26088100
      1  26098839
      1  26102071
      1  26109760
      1  26109786
      1  26109892
      1  26123287
      1  26130932
      1  26151016
      1  26152904
      1  26153045
      1  26161134
      1  26167192
      1  26176704
      1  26178777
      1  26180600
      1  26180820
      2  26184404
      1  26184404"
      1  26185519
      1  26196006
      1  26197313
      1  26205062
      1  26207250
      1  26231349
      1  26246843
      1  26250538
      1  26257061
      1  26269546
      1  26276130
      1  26287183
      1  26288476
      1  26288571
      1  26309132
      1  26312766
      1  26317998
      1  26335399
      1  26357525
      1  26366183
      1  26366999
      1  26370805
      1  26388933
      1  26389874
      1  26396326
      1  26396355
      1  26398279
      1  26401403"
      1  26404134
      2  26404212
      1  26404320
      1  26404905
      1  26408414
      1  26441056
      1  26441058
      1  26445040"
      1  26451107
      2  26485025
      1  26487893
      1  26489423"
      1  26500095
      1  26501253
      1  26506102
      2  26539235
      1  26539720
      1  26547789
      1  265555
      1  26556689
      1  26557705
      1  26561509
      1  26600710
      1  26600953
      2  26604648
      1  26604665
      1  26604699
      1  26622947
      1  26629211
      1  26629245
      1  26633316
      1  26633323"
      1  26638157"
      1  26645396
      1  26648274
      1  26649061
      1  26661339
      1  26664017
      1  26668648
      1  26670446
      1  26671652
      1  26676684
      1  26676750
      1  26682731
      1  26687129
      1  26689472
      1  26690473
      1  26692099
      1  26694330
      1  26694342
      1  26701355
      1  26705419
      1  26712788
      1  26717978
      1  26734034
      1  26738868
      1  26751438
      1  26761887
      1  26764240
      1  26764240"
      1  26770154
      1  26770737
      1  26772878
      1  26775663
      1  26778707
      1  26781612
      1  26784465
      1  26784667
      1  26788244
      1  26793675
      1  26798435
      1  26805799
      1  26810189
      1  26821000
      1  26837068
      1  26840292
      1  26843824
      1  26844415
      1  26858957
      1  26865836
      1  26877844
      1  26885028
      1  26885258
      1  26892523
      1  26902326
      1  26907089
      1  26907335
      1  26920336
      1  26922800
      1  26934120
      1  26941826
      2  26941993
      1  26958843
      1  26966565
      1  26968402
      1  26968675
      1  26968704
      1  26980998
      1  26986231
      1  26987851
      2  27007366
      1  27009808
      1  27010507
      1  27023458
      1  27027438
      1  27034692
      1  27037824
      1  27041866
      1  27042448"
      1  27047315"
      1  27049716"
      1  27053954
      1  27057273
      1  27058519
      1  27058552
      1  27061087
      1  27064329
      1  27065873
      1  27070116
      1  27073459
      1  27073552
      1  27083587
      1  27084510
      1  27084536
      1  27087818
      1  27091560
      1  27092478
      1  27092482
      1  27102897
      2  27104669
      1  27114944
      1  27120176
      1  27121110
      1  27121241
      1  27121311
      1  27124038
      1  27141285
      1  27145869
      1  27160533
      1  27161377
      1  27164914
      1  27177833
      1  27186474
      1  27188280
      1  27193958
      1  27195463
      1  27200104
      1  27213437
      1  27213450
      1  27229681
      1  27234523
      1  27247921
      1  27257013
      1  27275246
      1  27277280
      1  27279699
      1  27294893
      1  27299460
      1  27313498
      1  27330316
      1  27330378
      1  27330750
      1  27341160
      1  27358555
      1  27366113
      1  27376254
      1  27376327
      1  27382611"
      1  27382642
      1  27386007"
      1  27391337
      2  27391476
      1  27394418
      1  27405609"
      1  27418140
      1  27418921
      1  27419097
      1  27421653
      1  27429843
      1  27429875
      1  27437023
      1  27439918
      1  27441214
      1  27444311
      1  27452666
      1  27456944
      1  27458163
      1  27482284
      1  27491646
      1  27494891
      1  27507052
      1  27510713
      1  27516803
      1  27516984
      1  27529202
      2  27529277
      1  27539788
      1  27540320
      1  27552817
      1  27565834
      1  27570416
      1  27572899
      1  27579153
      1  27588363
      1  27599972
      1  27604859
      1  27605982
      1  27609145
      1  27609747
      1  27612149
      1  27614381
      1  27614685
      1  27614974
      1  27621660
      1  27626499
      1  27630567
      1  27635343
      3  27649635
      1  27657026
      1  27657037
      1  27661114
      1  27681015
      1  27683187
      1  27688825
      1  27689335
      1  27695262
      2  27695630
      1  27698266
      1  27698563
      1  27698796
      1  27703489
      2  27706074
      1  27708620
      2  27708693
      1  27721819
      1  27721894
      1  27722140
      1  27736870
      1  27738859
      1  27743379
      1  27743504
      1  27744695
      1  27752412
      1  27752986
      1  27756875
      1  27757926
      1  27761692
      1  27774066
      1  27776479
      1  27777833"
      1  27781121
      3  27782048
      1  27785011
      1  27789538
      1  27790198
      1  27799215
      1  27801800
      1  27814708
      1  27816472
      1  27817004"
      1  27825125
      2  27827912
      1  27830009
      1  27834913
      1  27841296
      1  27853836
      2  27854259
      1  27859422
      1  27864798
      1  27872579
      1  27877136
      1  27877231
      1  27879375
      1  27880817
      1  27881109
      2  27892675
      1  27898041
      1  27905567
      1  27912738
      1  27924568
      1  27926533
      1  27927067
      1  27933896
      1  27951745
      2  27981795
      1  27983842
      1  27983914
      1  27994550
      1  27999314
      1  28005927
      1  28008217
      1  28008779
      1  28025251"
      1  28028039
      1  28032597
      1  28045446
      1  28050854"
      1  28053694
      1  28055331
      1  28061455
      1  28074066
      1  28077782
      1  28078244
      1  28078301
      1  28079114"
      1  28079885
      1  28099931
      1  28101119
      2  28101220
      1  28105109
      1  28116099
      1  28119606
      1  28119804
      1  28120212
      1  28125712
      1  28132065"
      1  28134797
      1  28139721
      1  28143959
      1  28146102
      1  28152093
      1  28157162
      1  28158287
      1  28178673
      1  28192620
      1  28196718
      1  28202018
      1  28212342
      1  28212423
      1  28218690
      1  28219355
      1  28223777
      1  28224421
      1  28238064
      1  28242334
      1  28243986
      1  28250647
      1  28250789
      1  28250793
      1  28250867
      1  28250894
      1  28260799
      1  28260895
      1  28265839
      1  28267439
      2  28270854
      1  28273859
      1  28280387
      1  28281074
      1  28281678
      1  28283822
      1  28286419
      1  28293386
      1  28293637
      1  28300186
      1  28317412"
      1  28320235
      1  28326124
      1  28333074
      1  28337452
      1  28353108
      1  28353638
      1  28359161
      1  28367073
      1  28367420
      1  28367666
      1  28368206
      1  28368206"
      1  28368356
      1  28386288"
      1  28388915
      1  28405006
      1  28412728
      1  28412955
      1  28413323
      1  28413643"
      1  28421122
      1  28423483
      1  28436479
      1  28436754
      1  28440485
      1  28441791
      1  28444875
      1  28469773
      1  28474499
      1  28476162
      1  28477616
      1  28479735
      1  28481239
      1  28484935
      1  28485251
      1  28487845
      1  28491115
      1  28492487
      1  28492557
      2  28496478
      1  28496481
      1  28503046
      1  28503054
      1  28503087
      1  28503090
      1  28506985
      1  28521469
      1  28531143
      1  28532402
      1  28536357
      1  28539743
      1  28544675
      1  28546652
      1  28550652
      2  28552911
      1  28583179
      1  28584486
      1  28596809
      1  28598369"
      1  28607841
      1  28610566
      1  28611316
      1  28613267
      1  28615861
      1  28617188"
      1  28621040
      2  28626426
      1  28626756
      1  28629150
      1  28629389
      2  28630399
      1  28636309
      1  28639112
      1  28651306
      1  28654902
      1  28664898
      1  28665178
      1  28670112
      1  28670366
      1  28672837
      1  28677499
      1  28680326
      1  28681584
      1  28689299
      1  28694766
      2  28694778
      1  28698154
      1  28700480
      1  28708113"
      1  28710372
      1  28717220
      1  28729835
      1  28738152
      1  28740539
      1  28744337
      1  28744400
      1  28754101
      1  28757590
      1  28777326
      1  28786001
      1  28792522
      1  28797811
      1  28800126
      1  28808385
      1  28808482
      1  28809799
      1  28811867
      1  28811896
      1  28819321
      1  28824312
      1  28824328
      1  28824430
      1  28825675
      1  28827994
      1  28835753
      1  28845434
      1  28848997
      1  28852726
      1  28855870
      1  28858299"
      1  28859143"
      1  28866709
      1  28871425
      1  28878509
      1  28881699
      1  28890697
      1  28902434
      1  28904552
      1  28920089
      1  28924548
      1  28928667
      1  28930137
      1  28935920
      1  28943942
      1  28959525
      1  28959577
      1  28962158
      1  28962183
      1  28962263
      1  28962314
      1  28969050
      1  28972154
      2  28975109
      1  28977840
      1  28977849
      1  28978062
      1  28980866
      1  28983595
      1  28988387
      2  28989244
      1  28990104"
      1  29016683
      1  29022917
      1  29029409
      1  29033794
      1  29034199
      1  29038587"
      1  29039514
      1  29047036
      1  29047155
      1  29047177
      1  29047259
      1  29048644
      1  29050305
      1  29050670
      1  29057974
      1  29065504
      1  29067120
      1  29104260
      1  29109091
      1  29113054
      1  29113066
      1  29117378
      1  29121900
      1  29127318
      1  29152137
      1  29156710
      1  29157266
      2  29158964
      1  29164817
      1  29168794
      1  29173024
      1  29176767
      1  29181079
      1  29181126
      1  29181154
      1  29181405
      1  29181409
      2  29182587
      1  29187582
      1  29200738
      1  29204990
      1  29207171
      1  29207522
      1  29207612
      1  29207614
      1  29209152
      1  29228791
      1  29234389
      1  29246124
      1  29250191"
      1  29254189
      1  29270246
      1  29280942"
      1  29285165
      1  29286091
      2  29286229
      1  29292727
      1  29302711
      1  29310608
      1  29312216
      1  29312576
      1  29315271
      1  29316974
      1  29322015
      1  29333049"
      1  29340014
      1  29340044
      1  29342967
      1  29344416
      2  29344418
      2  29344419
      1  29344421
      1  29346317
      1  29348728
      1  29348769
      1  29348772
      1  29348843
      1  29355051
      1  29361709
      2  29370858
      1  29372465
      1  29378558
      1  29379181
      1  29383179
      1  29391620
      1  29396529
      1  29399111
      1  29399291
      1  29402287
      1  29403688
      1  29403972
      2  29405039
      1  29405039"
      1  29410854
      1  29416003
      1  29416603
      1  29430361"
      1  29434869
      1  29435403
      1  29438299
      1  29439487
      1  29441477
      1  29449742
      1  29455393
      1  29463254
      1  29481017
      1  29487802"
      1  29491708
      1  29494510
      1  29495296
      1  29495560
      1  29503600
      1  29506521
      1  29508061
      1  29508254"
      1  29518056
      1  29520149
      1  29527188
      2  29528145
      1  29533973
      1  29533979
      1  29534494
      1  29541897
      1  29544492
      1  29545747
      1  29549423
      1  29552058
      1  29552229
      1  29558494
      1  29560544
      1  29564971
      1  29568751
      1  29573151
      1  29582366
      1  29582630"
      1  29587429
      1  29588585
      1  29590128
      1  29593531
      1  29610553
      1  29614833
      1  29614984
      1  29617324
      1  29619064
      1  29619343
      1  29633188
      1  29636610
      1  29636773
      1  29641445
      1  29642457
      1  29644528
      1  29656990
      1  29666548
      1  29674685
      1  29682318
      2  29692547
      1  29703385
      1  29706944
      1  29713277
      2  29719458
      1  29720821
      2  29724011
      1  29724056
      1  29725354
      1  29731891"
      1  29740482
      1  29744362
      1  29749550
      1  29755466
      1  29757226
      1  29760743
      1  29774132
      1  29775868
      1  29781034
      1  29783720
      1  29784906
      1  29784973
      1  29785137
      1  29796776
      1  29799841
      1  29805567
      1  29845782
      1  29848985
      1  29849796
      1  29850248
      1  29861599"
      1  29869623
      1  29870039
      1  29879960
      1  29881419
      1  29881709
      1  29890617
      1  29892370
      1  29892448
      1  29895869
      1  29899696
      1  29920269
      1  29921764
      1  29928143
      1  29931779
      2  29932035
      1  29933620"
      1  29943236
      1  29950991
      1  29954059
      1  29970816
      1  29976150
      1  29976394
      1  29977171
      1  29983086
      1  29983605
      1  29983732
      1  29987748
      1  29988433
      1  29989018
      1  30002597
      1  30003465"
      1  30009170
      1  30010244
      1  30012946
      1  30013474
      1  30013563
      1  30014450
      1  30015828
      1  30034502"
      1  30037082
      1  30037134
      1  30046377
      1  30046560
      1  30069223
      1  30072092
      1  30087792
      1  30087852
      1  30095419
      2  30097766
      1  30103472
      1  30104445
      1  30104974
      1  30105075
      1  30108729
      1  30109187
      1  30109780
      1  30110943
      1  30112023
      1  30115821
      1  30116323
      1  30127296
      1  30127824
      1  30132540
      1  30134514
      1  30134816
      1  30151297
      1  30151305
      1  30158992
      1  30159104
      1  30173293"
      1  30174795
      1  30178270
      1  30182846
      1  30185783
      1  30190665
      1  30200355
      1  30200407
      1  30201024
      1  30208972
      1  30210537
      1  30213025
      1  30214198
      1  30217007
      1  30217942
      1  30231516
      1  30232182
      1  30235236
      1  30236029
      1  30241323
      1  30245627
      1  30247141
      1  30248965
      1  30250978
      1  30252599
      1  30254713
      1  30257339
      1  30257512
      1  30263463
      1  30263498
      1  30263711
      1  30271594
      1  30272297
      1  30287522
      1  30291495
      1  30294225
      1  30297610
      1  30302120
      1  30308951
      1  30313034
      1  30319596
      1  30319862"
      1  30323153
      1  30324243
      1  30333030
      1  30333875"
      1  30337805
      1  30343451
      1  30344740
      1  30345231
      1  30350307
      1  30373099
      1  30373159
      1  30374718
      1  30396879
      1  30403726
      1  30404216
      1  30405835
      1  30406035
      1  30406035"
      1  30411070
      1  30413028
      1  30414015
      1  30426002"
      1  30429238
      1  30445751"
      2  30459240
      2  30459614
      1  30463279
      1  30471071
      1  30474537
      1  30477094
      1  30477109
      1  30478689
      1  30479845
      1  30483725
      1  30484018
      1  30484020
      1  30486251
      1  30498089
      1  30504999
      1  30513815
      1  30513908
      1  30519095
      1  30519797
      1  30532555
      1  30534567
      1  30539267
      1  30542499
      1  30544809
      1  30544925
      1  30546306
      1  30551592
      1  30555666
      1  30557366
      1  30558158
      1  30568691
      2  30576355
      1  30583565
      1  30594943
      1  30598693
      1  30609847
      1  30611252
      1  30614302
      1  30618736
      1  30618742
      1  30627935
      1  30633954
      1  30634645
      1  30635796
      1  30642159"
      1  30644244
      2  30650546
      1  30652051
      1  30652055
      1  30655786
      1  30658371
      1  30662739
      1  30666208
      1  30666318
      1  30675468
      1  30678106
      1  30679754
      1  30704021
      1  30706333
      1  30706338
      1  30707255
      1  30707385
      1  30709066
      1  30717122
      1  30719778
      1  30728391
      1  30733753
      1  30759843
      1  30762443
      1  30765835
      1  30771348
      1  30781661
      1  30781674
      1  30785303
      1  30787972
      1  30791738
      1  30792823
      1  30795582
      1  30806934
      1  30809091
      1  30814922
      1  30814977
      1  30823475
      1  30823534
      1  30823674"
      1  30825343
      1  30830783
      1  30832202
      1  30837035
      1  30847262
      1  30847755
      1  30857315
      1  30862207
      1  30862803
      1  30864681
      1  30866458
      1  30867748
      1  30877718
      1  30887242
      1  30889805
      1  30891458
      1  30893813
      1  30897716
      1  30906949
      1  30914025
      1  30914892
      1  30915141
      1  30915328
      1  30915371
      1  30930771
      1  30931109
      1  30934601
      2  30934938
      1  30934947
      1  30936155
      1  30936933
      1  30940289
      1  30956678
      1  30959820
      1  30959836
      1  30962456
      1  30965662
      1  30971040
      2  30972427
      1  30976157
      1  30976295
      1  30976295"
      1  30976671
      1  30982162
      1  30987412
      1  30995771
      1  31002353
      1  31007702
      1  31011555
      1  31013570
      1  31013662
      2  31018606
      1  31019655
      1  31024706
      1  31024831
      1  31027364
      1  31028187
      1  31028548
      1  31030489
      1  31037368
      1  31052362
      1  31055728
      1  31057649
      1  31058874
      1  31059075
      1  31060335"
      1  31064136
      1  31067776
      1  31069662
      1  31080888
      1  31080906
      1  31088366
      1  31088482
      1  31089303
      1  31089303"
      1  31089370
      1  31089439
      1  31090276
      1  31100104
      1  31108893
      1  31108962
      1  31108969
      1  31109023"
      1  31114315
      1  31118466
      1  31120926
      1  31121811
      1  31121891
      1  31129806
      1  31130949
      1  31134531
      3  31139079
      1  31139235
      1  31139308
      1  31141941
      1  31145130
      1  31146462
      1  31149366
      1  31159425
      1  31159832
      1  31164129
      1  31165439
      1  31174300
      1  31181731
      1  31181737
      1  31184247
      1  31186688
      1  31186798
      1  31186800
      1  31190801
      1  31193040
      1  31193350
      1  31195762
      1  31208018
      1  31208455
      1  31210985
      1  31213669
      1  31214026
      1  31215156
      2  31223464
      1  31225702
      1  31227343
      1  31234352
      1  31234546
      1  31235722
      1  31240205
      1  31248032
      1  31248041
      1  31249789
      1  31250836
      1  31261851
      3  31261861
      1  31261921
      1  31263474
      1  31263600
      1  31270958
      1  31271066
      1  3127400
      1  31275985
      1  31281233
      1  31281710
      1  31284554
      1  31285187
      1  31285771
      1  31291645
      1  31291936
      1  31292803
      1  31297009
      1  31297056
      1  31297656
      1  31300317
      1  31308689
      1  31308694
      1  31308806
      1  31308816
      1  31311441
      1  31318446
      1  31323754
      1  31323835
      1  31323953
      1  31324047
      1  31330227
      1  31331043
      1  31336648
      1  31341642
      1  31341895
      1  31354199
      1  31354292
      1  31366122
      1  31366123
      1  31368044
      2  31374885
      1  31374885"
      1  31376068
      1  31376323
      1  31379572
      1  31382891
      1  31390804
      1  31391686
      2  31394842
      1  31396231
      1  31404237
      1  31405304
      1  31407195
      1  31409145
      1  31410001
      1  31414341
      2  31417401
      1  31417650
      1  31418272
      1  31423165
      1  31423246
      1  31426275
      1  31428582
      1  31431884
      1  31432797
      1  31438633
      1  31443458
      1  31444719
      1  31450731
      1  31452790
      1  31455975
      1  31457028
      1  31463132
      1  31466218
      1  31480324
      1  31487934"
      1  31487942"
      1  31493190
      1  31495785
      1  31500389
      1  31505474
      2  31509521
      1  31509968
      1  31510078
      1  31515232
      1  31523368
      1  31526156
      1  31537986
      1  31541369
      1  31546767
      1  31546790
      1  31547052
      1  31554227
      1  31554332
      1  31554899
      1  31555353
      1  31557828
      1  31569540
      1  31569604
      1  31575072
      1  31581545
      1  31583051
      1  31584740
      2  31592099
      1  31592435
      1  31593137
      1  31607903
      1  31608135
      1  31614466
      2  31614806
      1  31620197
      1  31620282
      1  31627372
      1  31630376
      1  31632422
      1  31632670
      1  31635023
      1  31635337
      1  31636686
      1  31637531
      1  31640255"
      1  31641462
      1  31652576
      1  31656737
      1  31660061
      1  31661774
      1  31662773
      1  31662780
      1  31666870
      1  31671752
      1  31671767
      1  31672158
      1  31678841
      1  31680967
      2  31683690
      1  31684176
      1  31686285
      1  31689825
      1  31694615
      1  31695953
      1  31698770
      1  31703284
      1  31703341
      1  31709719
      1  31717922
      1  31719637
      3  31719837
      1  31724069
      1  31736747
      1  31736750
      1  31744071
      1  31744486
      1  31744500
      1  31749766
      1  31752230
      1  31758045
      1  31760063
      1  31762608
      1  31762815
      1  31763563
      1  31767027
      1  31771207
      1  31771270
      1  31775284
      1  31775356
      1  31775619
      1  31777190
      1  31779275"
      1  31780933
      1  31781280
      1  31783509
      1  31783843
      1  31789389
      1  31789424
      1  31795149
      1  31803714
      1  31805631
      1  31805739
      2  31814840
      1  31815042
      1  31816856
      1  31816948
      1  31817276
      2  31817526"
      1  31817653
      1  31817977
      1  31819422
      1  31819777
      1  31824586
      1  31827508
      1  31827554
      1  31827560
      1  31828593
      1  31830977
      1  31831875
      1  31835292
      1  31836919
      1  31838328
      1  31848915
      1  31850214
      1  31850227
      1  31861384
      1  31861874
      1  31867567
      1  31875083
      1  31877856
      1  31878141
      1  31878190
      1  31879319"
      2  31885471
      1  31885494
      1  31885651
      1  31889268
      1  31889276
      1  31891160
      1  31892257
      1  31892721
      1  31892851
      1  31897173
      2  31897244
      1  31900772
      1  31903120
      1  31915510
      1  31920653
      1  31926620
      1  31926629
      1  31933239
      1  31934073
      1  31934124
      1  31935970
      1  31936396
      1  31936550
      1  31936853
      1  31938064
      1  31940952
      1  31948057
      1  31952312
      1  31956764
      1  31963129
      1  31965194
      1  31974624
      1  31976004
      1  31979329
      1  31979417
      1  31988091
      1  31988852
      1  31991657
      3  31991665
      1  31993614
      1  31997898
      1  31997898"
      1  31998627
      1  32002029
      1  32009805
      1  32010478
      1  32011618
      1  32020231
      1  32020869
      1  32020999
      1  32021440
      1  32024271
      1  32024508
      1  32026362
      1  32028721
      1  32036549
      1  32039224
      1  32039440
      1  32047357
      1  32047805
      1  32050687
      1  32055379
      1  32075054
      1  32085594
      1  32089679
      1  32095093
      1  32095421
      1  32098821
      1  32099326
      1  32099363
      1  32099670
      1  32099927
      1  32104188
      1  32104541
      1  32104609
      1  32105068
      1  32106420
      1  32106590
      1  32106609
      1  32111758
      1  32112133
      1  32116670
      1  32117768
      1  32117930
      1  32123647
      1  32123879
      1  32124955
      1  32127999
      1  32131560
      1  32132869
      1  32138316
      1  32140225
      1  32140442
      1  32146686
      1  32149121
      1  32158753
      1  32161501
      1  32168878"
      1  32172678
      1  32178315
      1  32178382
      1  32180051
      1  32183192
      1  32183420
      1  32184598
      1  32184862
      1  32186769
      1  32188912
      1  32189484
      1  32195029
      1  32196098
      1  32204409
      1  32209056
      1  32210117
      1  32210728
      1  32210928
      1  32215001
      1  32219041
      1  32224984
      2  32226725
      2  32235333
      1  32235536
      1  32244288
      1  32244745
      1  32256642
      1  32258419
      2  32265690
      1  32268506
      1  32283298
      1  32283845
      1  32289000
      1  32289023"
      1  32290394
      1  32293112
      1  32295069
      1  32296587
      1  32306082
      1  32309172
      1  32314168
      1  32317969
      1  32319535
      1  32319555
      1  32323825
      1  32323837
      1  32325185
      2  32325960
      1  32326081
      1  32326113
      1  32328143
      1  32328274
      1  32328462
      1  32334459
      1  32334473
      1  32335772
      1  32346448
      1  32348135
      1  32353989
      1  32354116
      2  32355771
      1  32357011
      1  32365518
      1  32365620
      1  32366272
      1  32370107
      1  32370538"
      1  32372963
      2  32377288
      1  32377753
      1  32390845
      2  32391511
      1  32395292
      1  32403458
      1  32405244
      1  32408543
      1  32414421
      1  32415495
      2  32420353
      1  32424132"
      1  32426365
      1  32430779
      1  32431328
      1  32455190
      1  32455782
      1  32456069
      1  32457612
      1  32459967
      1  32460625
      1  32461960
      1  32466578
      1  32471050"
      1  32473991
      1  32474568
      1  32478037
      1  32486047
      1  32486083
      1  32486427
      1  32488233
      3  32489337
      4  32492470
      1  32492880
      1  32495214
      1  32509181
      1  32517233
      1  32518558
      1  32523334
      1  32529755
      1  32532056
      1  32532056"
      1  32536869
      1  32545187
      1  32547015
      1  32547015"
      3  32547652
      1  32549256
      1  32550010
      1  32560283
      1  32560451
      1  32575379
      1  32575392
      1  32575562
      1  32575706
      1  32575820
      1  32576196
      1  32582655
      1  32587513
      1  32587867
      1  32594032
      1  32595640
      1  32595735"
      1  32596616
      1  32596763
      1  32596763"
      1  32599754"
      1  32599967
      1  32604833
      1  32608202
      2  32616710
      1  32616710"
      1  32616875
      1  32617701
      1  32618215
      1  32620104
      1  32625231
      1  32626941
      1  32635538
      1  32637672
      1  32637711
      1  32646040
      1  32650752
      1  32657779
      1  32660077
      1  32663009
      1  32664524
      1  32670061
      1  32672123
      2  32678943
      1  32679162
      1  32679731
      1  32702075
      1  32705218
      1  32705952
      1  32707666
      1  32708415
      1  32708783"
      1  32710388
      1  32722482"
      1  32723917
      1  32724422
      1  32726914
      1  32726950
      1  32728275
      1  32729169
      1  32733479
      1  32733581
      1  32746503
      1  32751398
      1  32752302
      1  32754303
      1  32759737
      1  32764294"
      1  32764871
      1  32765502
      2  32774302
      1  32774682
      1  32774728
      1  32779397
      1  32779579
      1  32780734
      1  32781724"
      1  32784933
      1  32786303
      1  32787468"
      1  32789152
      1  32792963
      1  32797097
      1  32801473
      1  32801693
      1  32802090
      1  32802116
      1  32802728
      1  32806608
      1  32807143
      1  32816074
      1  32816368
      1  32821342
      1  32823660
      1  32823812
      1  32823876
      1  32823927
      1  32824103
      1  32824271
      1  32825564
      1  3283174
      1  32839357
      1  32846992
      1  32849706
      1  32849769
      1  32850286
      1  32853208
      1  32854262
      3  32858812
      2  32862187
      1  32864892
      1  32868906
      1  32869704
      1  32872275
      1  32874324
      1  32876804
      1  32878054
      1  32878230
      1  32878512
      1  32884285
      1  32887218
      1  32893531
      1  32899026
      1  32899216
      1  32899373
      1  32899907
      1  32903546
      1  32905484
      3  32906727
      1  32908872
      1  32916220
      1  32916798
      1  32922233
      1  32923010
      1  32923710
      1  32927836
      1  32928194
      1  32933188
      2  32937891
      1  32938017
      2  3293836
      2  32939417
      1  32940818
      1  32942674
      1  32945288
      1  32946701
      1  3294762
      1  32947878
      1  32948083
      1  32952655
      1  32952942
      1  32953561
      1  32957510
      1  32961678
      1  32963698
      1  32963939
      1  32965640
      1  32968439
      1  32968481
      1  32973496
      1  32976831
      1  32977628
      1  32980713
      1  32982276
      1  32982726
      1  32983215
      1  32990240
      1  32995326
      1  33001132
      1  33003697
      1  33005784
      1  33007803
      1  33013353
      1  33013360
      1  33013400
      1  33021790
      1  33029114
      1  33029164
      1  33029176
      1  33031303
      1  33031410
      1  33033566
      2  33033708
      1  33041706
      1  33041787
      1  33041795
      1  33041813
      2  33042292
      1  33042617
      1  33048292"
      1  33048473
      1  33050385
      1  33050567
      1  33059596
      1  33060666
      1  33062005
      1  33062022
      1  33062919
      1  33066106
      2  33066157
      2  33066630
      1  33069788"
      1  33075360
      1  33076426
      2  33083299
      1  33086508
      1  33086636
      1  33089636
      1  33092128
      1  33096854
      1  33096885
      1  33101434
      1  33105786
      1  33114220
      1  33117364
      1  33117679
      1  33121124
      1  33125108
      1  33126433
      1  33127928
      1  33128348
      1  33130987
      1  33133258
      1  33133265
      1  33133379
      1  33137966
      1  33138135
      1  33141425"
      1  33149871
      1  33150184
      1  33153029
      1  33156835
      1  33168498
      1  33171579
      1  33174042
      1  33177587
      1  33178009
      1  33178307
      1  33182564
      2  33187200
      1  33187225
      1  33187272
      1  33187324
      1  33192203
      1  33194039
      2  33202681
      1  33202757
      1  33208358
      1  33213426
      1  33217935
      1  33222580"
      2  33224704
      1  33226301
      1  33228081
      1  33231837
      1  33233564
      1  33233701
      1  33233754
      1  33240085
      1  33240600
      1  33240600"
      1  33243021
      1  33256057
      1  33256185
      1  33260158
      1  33261209
      1  33262663
      1  33265939
      1  33266031
      1  33266044
      1  33270507
      1  33274192
      1  33276597
      1  33291214
      1  33291419"
      1  33291732
      1  33294443"
      1  33294448
      1  33294709
      1  33299809
      1  33299867
      1  33304167
      1  33304269
      1  33304319
      1  33311599
      1  33317106
      1  33322478
      1  33322599
      1  33322712
      1  33324568
      1  33330360
      1  33333817
      1  33335690
      1  33339401
      1  33344092
      1  33344833
      1  33346211"
      1  33354166
      1  33361317
      1  33363130
      1  33364479
      1  33365438
      1  33366236
      1  33367122
      1  33371368
      1  33375229
      1  33376327
      1  33376732
      1  33383824
      1  33383887
      1  33385084"
      1  33396660
      1  33403022
      1  33406789
      1  33408499
      1  33417070
      1  33420094
      1  33424153
      1  33424909
      1  33426081
      1  33430398
      1  33430867
      1  33435263
      1  33437161
      1  33440727
      1  33442232
      1  33442270
      1  33442382
      1  33443619
      1  33444648
      1  33445792
      1  33456997
      1  33457978
      1  33460401
      1  33461174
      1  33467668
      1  33471216
      1  33477737
      1  33478035
      1  33485352
      1  33488744
      1  33494340
      1  33494378"
      1  33498013
      1  33498245
      2  33498621
      1  33498658
      1  33498743
      1  33499382
      1  33502117
      1  33502259
      1  33505504
      1  33505511
      1  33508733
      1  33510802
      1  33510808
      1  33523587
      1  33525713
      1  33526785
      1  33532692
      1  33537802
      1  33540625
      1  33544209
      1  33544301
      2  33544704
      1  33546591
      1  33552000
      1  33552281
      1  33557378
      1  33562431"
      1  33562701"
      1  33564502
      1  33564654
      1  33564662
      1  33572269
      1  33572631
      1  33572676
      1  33573353
      2  33574880
      1  33574980
      1  33576966
      1  33579270
      1  33584314
      1  33585012
      1  33585447
      1  33586074
      1  33587232
      1  33597880
      1  33598414
      2  33603395
      1  33607159
      1  33624600
      1  33628185
      1  33628894
      1  33633773
      1  33641052
      1  33643815
      1  33644048
      1  33644124"
      1  33644563
      2  33650320
      1  33652555
      1  33654382
      1  33659193
      1  33659733
      1  3366662"
      1  33669312
      1  33669341
      1  33669953
      1  33671421
      1  33671442
      1  33671577
      1  33672994
      1  33673021
      1  33673443
      1  33677637
      1  33680997
      1  33686350
      1  33693955
      1  33704262
      1  33704567
      1  33708105
      1  33718345
      1  33727782
      1  33732000
      1  33732145
      1  33732385
      1  33737875
      2  33747107
      2  33747109
      1  33747471
      1  33747916
      1  33748656
      1  33750909"
      1  33760107
      1  33760192
      1  33767385
      1  33767768
      1  33780951
      1  33784769
      1  33786399
      1  33786611
      1  33791012
      1  33792861
      1  33801016
      2  33802144
      1  33802355
      1  33802543
      1  33802972
      1  33804083
      1  33804239"
      2  33804660
      1  33804714
      1  33804833
      1  33805140
      2  33805546
      1  33805898
      1  33807712
      1  33809876
      1  33810285"
      1  33814617
      1  33815113
      1  33817068
      1  33817182
      1  33821278
      1  33822896
      1  33828602
      1  33839323
      1  33841828
      1  33848375
      1  3384949
      1  33849528
      1  33850732
      1  33852854
      1  33855699
      1  33859758
      1  33859819
      1  33860587
      1  33869050
      1  33870129
      1  33875769
      1  33880344
      1  33884168
      1  33896392
      1  33897801
      1  33907586
      1  33911934
      1  33916780
      1  33917107
      1  33918599
      1  33919054
      1  33921242
      1  33922662
      1  33922992
      1  33923474
      1  33924005
      1  33925870
      1  33926133
      1  33935714
      1  33946245
      1  33946349
      1  33948974
      1  33953682
      2  33953688
      1  33967794
      2  33981171
      1  33982225
      1  33985540
      1  33994899
      1  33995049
      1  33996749
      1  34000743
      1  34001161
      1  34007319
      1  34012461
      1  34012476
      2  34025129
      1  34025657
      1  34025790
      1  34025826
      1  34026299
      1  34026558
      1  34037092
      1  34040516
      1  34040532
      1  34041259
      1  34045805
      1  34047468
      1  34050413
      2  34063044
      1  34063247
      1  34065781
      1  34066260
      1  34066714
      1  34067204
      1  34067322
      1  34067322"
      1  34067520
      1  34067525
      1  34067587
      1  34068568
      1  34069026
      1  34069113
      1  34069700
      1  34070057
      1  34071722
      1  34072936
      1  34073059
      1  34073129
      1  34073773
      1  34074020
      1  34079540
      1  34080510
      1  34086162
      1  34093719
      1  34094892
      1  34095185
      1  34104103
      1  34122086
      1  34122116
      1  34123347
      1  34124216
      1  34132358
      1  34132429
      1  34135368
      1  34136001
      1  34136174
      1  34136363
      1  34149918
      1  34160816
      1  34177589
      1  34178125
      2  34181358
      1  34183756
      1  34188448
      1  34189326
      1  34194553
      1  34194680
      1  34195241
      1  34200444
      1  34200833
      1  34203004
      1  34203980
      1  34204404
      1  34205154
      1  34205604
      1  34205739
      1  34206115
      1  34206529
      1  34207291
      1  34207313
      1  34209734
      1  34211571
      1  34220504
      1  34222060"
      1  34229670
      1  34239445
      1  34239596
      1  34244894
      1  34248631
      1  34248635
      1  34249496
      1  34257654
      1  34257692
      2  34257813
      1  34269220
      1  34269920
      1  34276354
      1  34276918
      1  34279425
      1  34281181
      1  34285703
      2  34295245
      1  34295247
      1  34295253
      1  34299072
      1  34299485
      3  34299510
      1  34299510"
      1  34305241
      1  34305582
      1  34315377
      1  34315377"
      1  34318699
      1  34319038
      1  34322198
      1  34322387
      1  34335757
      1  34336674
      1  34337042"
      1  34337076
      1  34341700
      1  34343190
      1  34345386
      1  34349979
      1  34354861
      2  34356350
      1  34356649
      1  3435701"
      1  34358177
      1  34359507
      1  34361562
      1  34361750
      1  34361790
      1  34361790"
      1  34361819
      1  34367926
      1  34370042"
      1  34371582
      1  34373711
      1  34373750
      1  34374659
      2  34386324
      1  34394384
      1  34395399
      1  34395900
      1  34396612
      1  34399755
      2  34407830
      1  34408404
      1  34415391"
      1  34422760
      1  34429598
      1  34429763
      1  34430404
      1  34430497
      1  34430627
      1  34433871
      1  34436430
      1  34436464
      1  34440182
      1  34440493
      1  34440561
      1  34440745
      1  34441599
      1  34443305
      1  34443358
      1  34443587
      1  34443605
      1  34443605"
      1  34443641
      1  34443829
      1  34443912
      1  34443916
      1  34447243
      1  34451706
      1  34452202
      1  34452222
      1  34457112
      1  34463097
      1  34465990
      1  34466072
      1  34475961
      1  34478011
      1  34485368
      1  34485908
      1  34490002
      1  34495560
      1  34497528
      1  34499412
      1  34500560
      1  34501160
      1  34502281
      1  34502466
      1  34503074
      1  34513713
      1  34515981
      1  34523246"
      1  34526766
      1  34528792
      1  34530893
      1  34533199
      1  34533885
      1  34534465
      1  34542667
      1  34552494
      1  34558868
      1  34565273
      1  34570813
      2  34572990
      1  34573042
      1  34573087
      1  34573107
      1  34575899
      1  34575981
      1  34577056
      1  34577160
      1  34577620
      1  34577939
      1  34578054"
      1  34578801
      1  34578920
      1  34579344
      1  34579425
      2  34579426
      1  34579453
      1  34579761
      1  34582668
      1  34582673
      1  34603598
      1  34611825
      1  34621313
      1  34625031
      1  34627167
      1  34628626
      1  34629355"
      1  34630079
      1  34630112
      1  34630116
      1  34631775
      1  34631882"
      1  34632549
      1  34635698
      1  34638473
      3  34641373
      1  34641476
      1  34641500
      1  34646061
      1  34654430
      1  34658297
      2  34659503
      1  34659716
      1  3466792
      1  34671554
      1  34676990
      1  34679755
      3  34680529
      1  34680593
      1  34681605
      1  34681689
      1  34683830
      1  34683855
      1  34683892
      1  34683954
      1  34683970
      1  34684370
      1  34684782
      1  34684783
      3  34684830
      1  34684830"
      1  34685453
      1  34685825"
      1  34690764
      1  34690775
      1  34692516
      1  34694710
      1  34694726
      1  34707494
      1  34707780
      1  34709568
      1  34709767
      1  34712346"
      1  34713301
      1  34719192
      1  34737693
      1  34737700
      1  34748597
      1  34754314
      1  34754425
      1  34760237
      1  34764717
      1  34764729
      1  34765027
      1  34765739
      1  34768736
      1  34768909
      1  34769012
      1  34769099
      1  34770796
      1  34770949
      1  34771007
      1  34771733
      1  34773055
      1  34777523
      1  34778244
      1  34778373
      1  34780773
      1  34782951
      1  34785890
      1  34789561
      1  34790246
      1  34790728
      1  34793617
      2  34795581
      1  34796228
      1  34802242"
      1  34803263"
      1  34804186
      1  34805248
      1  34816382"
      1  34820006
      1  34820589
      1  34821957
      1  34823510
      1  34827218
      1  34829643
      1  34830947
      1  34832897
      1  34833867
      1  34833980
      1  34834016
      1  34834046
      1  34834128
      1  34835896
      1  34835946
      1  34835969
      1  34848946
      1  34858193
      1  34858857
      1  34861551
      1  34867365
      1  34867402
      1  34870034
      1  34870046
      1  34873399
      1  34873567
      1  34874937
      1  34876109
      1  34876124
      1  34880614
      1  34885655
      1  34885733
      1  34885733"
      1  34888205
      1  34894980
      1  34896543
      1  34896543"
      1  34898358
      1  34899301
      1  34899346
      1  34900059
      1  34901489
      1  34901604
      1  34904901
      1  34907162
      1  34909676
      1  34916893
      1  34916932
      1  34916949
      1  34916951
      1  34925020
      1  34926123
      1  34926131
      1  34926848
      1  34927373
      1  34944485
      1  34944537
      2  34945704
      1  34946535
      1  34946594
      1  34946696
      1  34946891
      1  34947930
      1  34948062
      1  34948129
      1  34959348
      1  34959384
      1  34959442
      1  34959638
      1  34959668
      1  34959738
      1  34959836
      1  34960081
      1  34967577
      1  34970018
      1  34972829
      1  34976153
      1  34976744
      1  34977451
      1  34977998
      1  34982284
      1  34987984
      1  34997002
      1  35002276
      1  35008928
      1  35009066
      1  35010247
      1  35010954
      1  35011457
      1  35011526
      1  35011638
      1  35011696
      1  35012428
      1  35015081
      1  35024319
      2  35024741
      1  35028318"
      1  35028454
      1  35028953
      1  35031970
      2  35033122
      1  35036276
      1  35040191
      1  35043421
      1  35043761
      1  35046810
      1  35049922
      2  35050040
      1  35052956
      1  35052961
      1  35053077
      1  35053246
      1  35054703
      1  35055094
      1  35056061
      1  35056141
      1  35056882
      1  35056972
      1  35057145
      1  35058727
      1  35062948
      1  35071882
      1  35075365
      1  35082905
      1  35092399
      1  35095521
      1  35095532
      1  35101006
      1  35108487
      1  35111230
      1  35112226
      1  35116125
      1  35117769
      1  35141282
      1  35145409
      1  35145898
      1  35152841
      1  35153757
      1  35154426
      1  35154614
      1  35155196
      3  35158798
      1  35158798"
      1  35159021"
      1  35161436
      1  35162981
      2  35163058
      2  35163459
      1  35163520
      2  35163960
      1  35164060
      1  35164093
      1  35164153
      1  35164352
      1  35164658
      1  35165507
      1  35174242
      1  35177980
      1  35178192"
      1  35178460
      1  35186957
      1  35187791
      1  35195873
      1  35197735
      1  35197753
      1  35197994
      1  35198093
      1  35198441
      1  35202141"
      1  35204098
      1  35204181
      2  35204243
      1  35206011
      1  35207544
      1  35208794
      1  35208814
      4  35211087
      1  35214139
      1  35214895
      1  35215264
      1  35215351
      1  35216134
      1  35216208
      1  35216492
      1  35220526
      1  35221660"
      1  35222709
      1  35224289
      1  35224849
      1  35225463
      1  35225488
      1  35230885
      1  35243817
      4  35250565
      1  35250582
      1  35260050
      1  35264205
      1  35264225
      1  35264958
      2  35265150
      1  35265252
      1  35266425
      1  35267331
      1  35267408
      1  35268579
      1  35268683
      1  35268686
      1  35268775
      1  35268807
      1  35269670
      1  35270051"
      1  35270151
      1  35276964
      1  35276978
      1  35281598
      1  35281796
      1  35286247
      1  35287334"
      1  35295918
      1  35295928
      1  35299896
      1  35299932
      1  35303197"
      1  35308018
      1  35308121
      1  35308213
      1  35308223
      1  35309872
      1  35311089
      1  35311145
      1  35317831
      1  35318393
      1  35321425
      1  35321434
      1  35321474
      1  35324835
      1  35324835"
      1  35326103
      1  35326143
      1  35326176
      1  35326402
      1  35326523
      4  35326606
      1  35327575
      1  35329610
      1  35330246
      1  35334845
      1  35335228
      1  35335393
      1  35335393"
      1  35335518
      1  35335879
      1  35335880
      1  35336204"
      1  35336667
      1  35336739
      1  35336856
      1  35340209
      1  35342487"
      1  35342503
      1  35356430
      1  35370661
      1  35378791
      1  35382719
      1  35386290
      1  35387280
      1  35392061
      1  35392084
      1  35392243
      1  35392560
      1  35392596
      1  35392650
      1  35395329
      1  35397602
      1  35401207
      1  35402586
      1  35402614
      1  35403384
      1  35406026
      3  35407220
      1  35408483
      1  35408493
      1  35408574
      1  35408682
      1  35408714
      1  35408988
      1  35409177
      1  35410634
      1  35415207
      1  35415311
      1  35419727
      1  35419728
      1  35423341
      1  35423405
      1  35424300
      1  35424920
      1  35425901
      1  35431901
      1  35432571
      1  35432592
      1  35447118
      1  35449820
      1  35450005
      1  35450054
      1  35450348
      1  35453169
      1  35453220
      1  35453296
      1  35453314
      1  35453530
      1  35453581
      1  35454528
      1  35454757
      1  35454815
      1  35455398
      1  35456005
      1  35456678
      1  35456798
      1  35457986
      1  35458763
      1  35458783
      1  35459225
      1  35462135
      1  35462899
      1  35462919
      1  35463691
      1  35480264
      1  35485695
      1  35490313
      1  35492253
      1  35492791
      1  35492792"
      1  35492955
      1  35493312
      1  35496278"
      1  35497438
      1  35498135
      1  35498604
      2  35502487
      1  35505400
      1  35514502
      1  35514550
      1  35514916
      1  35516035
      1  35516645
      1  35517737
      1  35517814
      1  35517886
      1  35517966
      1  35521412
      1  35521441
      1  35521963
      1  35524332
      1  35527487
      1  35527903
      1  35528653
      1  35528835
      1  35530162
      1  35530815
      2  35533213
      1  35539337
      1  35539921
      1  35540218
      1  35540763
      1  35541911
      1  35546462"
      1  35547279
      1  35548468
      1  35548631
      1  35548873
      1  35551255
      1  35557879"
      1  35559037
      1  35559238
      1  35559239
      1  35559306
      2  35563442
      1  35563808
      1  35563896
      1  35565259
      1  35565664
      1  35566130
      1  35566182
      1  35566225
      2  35566279
      1  35566284"
      1  35566290
      1  35571258
      1  35571331
      1  35571776
      1  35571860
      1  35571913
      1  35572734
      1  35574818
      1  35585935
      1  35600860
      1  35601785
      1  35602556
      1  35605028
      1  35609308
      1  35610011
      1  35615146
      1  35616202
      1  35620653"
      1  35621980"
      1  35622606
      1  35624776
      1  35624889
      1  35628447
      1  35629437
      1  35630683
      1  35630688
      1  35631241
      1  35631261
      1  35631361
      2  35631398
      1  35631705
      1  35631785
      1  35631785"
      2  35631806
      1  35634434
      1  35637658
      1  35642229
      1  35645290
      1  35645800
      1  35645817
      1  35646668
      1  35655480
      1  35656508
      4  35661925
      1  35662922
      1  35670736
      1  35672438
      1  35673509
      1  35677416
      1  35678663"
      3  35679085
      1  35681806
      1  35682901
      1  35682953
      1  35684073
      1  35684103
      1  35684353
      1  35684376
      2  35684400
      1  35684449
      1  35684497
      1  35684502
      1  35684503
      1  35684539
      1  35693699
      3  35694188
      1  35694188"
      1  35697692
      1  35697846
      1  35707278
      1  35711542
      1  35711962
      1  35719151
      1  35721162
      1  35722165
      1  35723349
      1  35725485"
      1  35731274
      1  35731274"
      1  35738618
      1  35740022
      1  35740102
      1  35740903
      1  35740980
      1  35741709
      1  35741971"
      1  35743171
      2  35744840
      1  35744950
      1  35744960
      4  35744969
      5  35744986
      1  35744993
      1  35745012
      1  35745013
      1  35745034
      1  35745062
      1  35745287
      1  35745570
      1  35745673
      1  35745829
      1  35754701
      1  35763625
      1  35765325"
      1  35765534
      1  35769384
      1  35769581
      1  35769815
      1  35769912
      1  35770073
      1  35775475
      1  35782653
      1  35782736
      2  35782945
      1  35782945"
      1  35789531
      1  35789643
      1  35794978
      1  35795387
      1  35795556
      1  35795564
      1  35795852
      1  35795861
      1  35799022
      1  35799655
      1  35800452
      1  35800605
      1  35801090
      1  35802287
      2  35805049
      1  35805979
      1  35806120
      1  35806229
      1  35807304
      1  35807484
      1  35807519
      1  35807527
      1  35807562
      1  35807651
      1  35807850
      1  35809179
      1  35810239
      1  35811929
      1  35812188
      1  35814234
      1  35821255
      1  35837167
      1  35840761
      1  35843391
      1  35845402
      1  35855209
      1  35855803
      1  35855812
      1  35855902
      1  35856421
      1  35860020
      1  35865098
      1  35869431
      1  35870047
      1  35873557
      1  35874426
      1  35877420
      1  35877429
      1  35877916
      1  35883561
      1  35883720
      1  35883849
      1  35883882
      1  35884167
      1  35885328
      1  35887030
      1  35887068
      1  35887399
      1  35889247
      1  35889273
      1  35889441
      1  35889472
      1  35889617
      2  35890079
      1  35890079"
      1  35890102"
      1  35890106
      2  35890166
      1  35890229
      1  35890496
      1  35892653
      1  35897937
      1  35897965
      1  35898908"
      1  35903326
      1  35903340
      1  35904170
      1  35907913
      2  35907976
      1  35908250
      1  35910181
      1  35910270
      1  35910604
      1  35911155
      1  35912256
      1  35922850
      1  35925958
      1  35936480
      1  35942373
      1  35948939
      1  35949760
      1  35952389
      1  35954133
      1  35955547"
      1  35955598
      1  35956383"
      1  35956428
      1  35956463
      1  35956469
      1  35956472
      1  35956654
      2  35956766
      2  35956786
      1  35958231
      1  35958928
      1  35972596
      1  35974076
      1  35980125
      1  35983016
      1  35988011
      1  35990857
      1  35991893
      1  35996358
      1  36003040
      1  36003646
      1  36006179
      1  36006482
      1  36006570
      1  36008971
      1  36010892
      1  36012506
      1  36012773
      1  36013319
      1  36013325
      1  36014290
      1  36014301
      1  36014313
      1  36014318
      1  36014367
      1  36014432
      1  36014466
      1  36014544
      1  36014563
      1  36015092
      1  36015329
      1  36015667
      1  3601683
      1  36034869
      1  36035721
      1  36035917
      2  36046197
      1  36046660
      1  36046674
      2  36046754
      1  36046819
      1  36051349
      1  36059997
      1  36060138
      1  36060565
      1  36060760
      1  36061661
      1  36064680"
      1  36069225
      1  36074244
      1  36076732
      1  36077367
      1  36077674
      1  36079622
      1  36079640
      1  36080103
      1  36080124
      1  36080159
      1  36080192
      1  36080236
      1  36080361
      1  36080446
      1  36080654
      1  36081572
      1  36082027
      1  36083475
      1  36088339
      1  36088372
      1  36090181
      1  36091754
      1  36092393
      1  36093125
      1  36097238
      1  36099094
      1  36101515
      1  36104717
      2  36104798
      1  36105949
      1  36107801
      1  36110524"
      1  36117766
      1  36118322
      1  36118710
      1  36120325
      1  36132231
      1  36132767
      1  36134204
      1  36134831
      1  36135874
      1  36138745
      1  36139145
      1  36139303
      1  36139426"
      1  36139887"
      1  36142070
      1  36144196"
      1  36144491
      1  36144493
      1  36144523
      1  36144587
      1  36144599
      1  36144639
      1  36144656
      1  36144672
      1  36144767
      1  36144843
      1  36144915
      1  36145344
      1  36145756"
      1  36157489
      1  36158694
      1  36158872
      1  36158887
      1  36160256"
      2  36160419
      1  36160442
      1  36168057
      1  36171897
      1  36172002
      1  36172186
      1  36172186"
      1  36172573
      1  36185084
      1  36185142
      1  36187775
      1  36188550
      1  36192796
      1  36193066
      1  36193202
      1  36193250
      1  36193815
      1  36199688"
      1  36204203
      1  36210837
      1  36212297
      2  36213446
      1  36214865
      1  36214872
      1  36225170
      1  36225183
      1  36230012
      1  36232298
      1  36232344
      1  36232376
      1  36232636
      1  36233022
      1  36233202
      2  36233226
      4  36234977
      1  36235013
      1  36235333
      1  36235350"
      1  36235389
      1  36235486
      1  36235487
      1  36245991
      1  36249352
      1  36249362
      1  36249801
      1  36249935
      1  36249972
      1  36253116
      1  36254120
      1  36254233
      1  36262974
      1  36263176
      1  36269390
      1  36276813"
      1  36278171
      1  36278202
      1  36278232
      1  36286020
      1  36286466
      1  36287355
      1  36289691
      1  36290800
      1  36290918
      1  36291322
      1  36291619
      1  36295805
      1  36295864
      1  36296537
      1  36296679
      1  36296712
      1  36296712"
      1  36296969
      1  36297440
      1  36297649
      1  36297858
      1  36299882"
      1  36304750
      2  36313365
      1  36314067
      2  36319798
      1  36320676
      1  36321156
      1  36326298
      1  36330087
      1  36330181
      1  36330228
      1  36330452
      1  36335321
      1  36337585
      1  36337639"
      2  36339557
      2  36339628
      1  36341080
      1  36354542
      1  36354669
      1  36354950
      1  36354984"
      1  36355489
      1  36355523
      3  36355532
      1  36355548
      1  36358531
      1  36358572
      1  36358919
      1  36358986
      1  36358997
      1  36359209
      1  36359548
      1  36360027
      1  36361883
      1  36362268
      1  36362345
      1  36362920
      1  36362920"
      1  36363644
      1  36364054
      1  36364097
      1  36364238
      2  36364317"
      1  36364538"
      1  36364740
      1  36365105
      1  36365194
      1  36365224
      1  36365249
      1  36365273
      1  36365308"
      1  36365333
      1  36365366
      1  36373057
      1  36386161
      1  36386172
      1  36386649
      1  36386821
      1  36386915
      1  36387221
      1  36387436
      1  36388598
      1  36388817
      1  36389762
      1  36402936
      1  36405061
      1  36407538
      3  36407559
      1  36408261
      1  36408328
      1  36412895
      1  36413626
      1  36416076
      1  36421360
      1  36424801
      1  36428575
      1  36430891
      1  36431859
      1  36431875
      1  36432057
      1  36432183
      1  36432868
      1  36435779
      1  36438925"
      1  36439419
      1  36441354
      1  36444246
      1  36448674
      1  36452435
      1  36457787
      1  36460868
      1  36463199
      1  36466549
      1  36467097
      1  36474507
      1  36481429
      3  36482154
      1  36496556
      1  36496998
      1  36497413
      1  36498999
      1  36499150
      1  36499154
      1  36499380"
      1  36500294
      1  36500329
      1  36500365
      1  36500366
      1  36500403
      1  36500428
      1  36500445
      2  36500466
      1  36500593
      1  36500595
      1  36501434
      1  36506541
      1  36507482
      1  36507511
      1  36511604
      1  36514100
      1  36518124"
      1  36518274
      1  36518413
      1  36518426
      1  36523419
      1  36530297
      1  36531325
      1  36532858
      1  36536536
      2  36536885
      1  36540263
      1  36547559
      1  36551192
      1  36551394
      1  36551523
      1  36551595
      1  36551666
      1  36551687
      1  36551742
      1  36551934
      1  36552026
      1  36552535
      1  36552560
      1  36552700
      1  36555124
      1  36555619
      1  36555657
      1  36556464
      1  36556482
      1  36556951
      1  36557296
      1  36557327
      1  36557573
      1  36557879
      1  36557988"
      1  36558052
      1  36558057
      1  36558186
      1  36558202
      1  36558442
      1  36558863
      2  36559011
      1  36559012
      1  36559087
      3  36559176
      1  36559176"
      1  36559309
      1  36562927
      1  36568059
      1  36568301
      1  36569188"
      1  36569481
      1  36569488
      1  36570153
      1  36570288
      1  36570961
      1  36575224
      1  36580001
      1  36580009
      2  36583154
      1  36583172
      1  36589020
      2  36589673
      1  36590503
      1  36590572
      1  36590763
      1  36591115"
      1  36591458
      1  36605288
      1  36605488
      1  36611693
      1  36612314
      1  36612320
      1  36614146
      1  36615224
      1  36615387
      1  36615458
      1  36615589
      1  36615632"
      1  36616134"
      1  36616317"
      1  36618684
      1  36618919
      1  36627724
      1  36627896
      1  36628158
      1  36633144
      1  36635395
      1  36636465
      1  36643505
      1  36643622
      1  36643758
      1  36644197
      1  36645157
      1  36648526
      1  36655066
      1  36658724
      1  36662198
      1  36670952
      2  36671636
      1  36672676
      1  36672904
      1  36674532
      1  36674569
      1  36674844
      1  36674916
      1  36675001"
      1  36675004
      1  36675247
      1  36677716
      2  36677907
      1  36677943
      1  36678190
      1  36678513
      1  36678632
      1  36678874
      1  36678961
      1  36684382
      1  36685304
      1  36686655
      1  36686732
      1  36697773"
      1  36697978
      1  36698404
      1  36698464
      1  36698733
      1  36699061"
      1  36703758
      1  36704214
      1  36708044
      2  36708554
      1  36713698
      1  36720792
      1  36721546
      1  36721744
      1  36726525
      1  36740689
      1  36741908
      1  36743695
      1  36755942
      1  36756719
      1  36760373
      1  36765611
      1  36765716
      1  36765728"
      1  36765782
      1  36765950
      1  36766167
      1  36766737
      1  36768223
      1  36768278
      1  36768500
      1  36769090
      1  36770481
      1  36770516
      1  36770688"
      1  36770859
      1  36771385
      3  36771630
      1  36771665
      1  36771739"
      1  36772869
      1  36778018
      1  36778673
      1  36779187
      1  36782251
      1  36797231
      1  36809254
      1  36814512
      1  36815904
      1  36816262
      1  36816322
      1  36817117
      1  36818222
      1  36820244
      1  36820302
      1  36826894
      1  36827161
      1  36829196
      1  36829809
      1  36829920
      1  36830116
      1  36830150
      1  36830181
      1  36830675
      1  36830926
      1  36830967
      1  36831081
      1  36831614"
      1  36832926
      1  36835100
      1  36835429"
      1  36836619
      1  36836712
      1  36836737
      2  36836827
      1  36837823
      1  36838399
      1  36838788
      1  36838857
      1  36839775
      1  36840113
      2  36840285
      2  36840763
      1  36844140
      5  36845955
      1  36846625
      1  36846717
      1  36850982
      1  36850990
      1  36854014
      1  36859262
      1  36859398
      2  36859690
      1  36862714
      3  36865913
      1  36873277
      1  36874346
      1  36875431
      1  36875839"
      1  36875862
      2  36877269
      1  36888689
      1  36890919
      2  36895945
      2  36897524
      1  36899279"
      1  36899361
      1  36900342
      1  36900961
      1  36902160
      1  36902423
      1  36903315
      1  36903316
      1  36903317
      1  36903439
      1  36903444
      1  36903587
      1  36903879
      1  36903915
      1  36908317
      1  36908957
      1  36909174
      1  36910605
      1  36911690
      1  36915508
      1  36915770
      1  36915782
      1  36923135
      1  36923360
      1  36925651
      1  36928117
      1  36932217
      1  36936422
      1  36937364
      1  36938054
      1  36939963
      1  36940616
      1  36943605
      1  36959861
      1  36964397
      1  36964397"
      1  36964547
      1  36968595
      1  36969025
      1  36969863
      1  36970244
      1  36978836
      1  36978874
      1  36979107
      1  36982490
      1  36982666
      1  36983864
      1  36984763
      1  36984826
      1  36984848
      1  36984863
      1  36985503
      1  36986408
      1  36986450
      1  36986692
      1  36986775
      1  36986982
      1  36987244
      1  36991484
      1  36992450
      1  36992837
      1  36994201
      1  36996146
      1  37019435
      1  37029546
      1  37037672
      1  37039510
      1  37040078
      1  37046780
      1  37047178
      1  37049501
      1  37049554
      1  37049912"
      1  37050072
      1  37050205
      1  37050353
      1  37055613
      1  37063270
      1  37063281
      1  37069338
      1  37074505
      1  37077951
      1  37082584
      1  37082748
      1  37083713
      1  37084628
      1  37089920
      1  37092313
      1  37095959
      1  37100815
      1  37101009
      1  37102893
      1  37103378
      1  37103385
      1  37103518"
      1  37106816
      1  37107160
      1  37108191
      1  37108480
      1  37109481
      1  37109573
      1  37109643
      1  37110135
      1  37110139
      1  37110368
      1  37110575
      1  37110648
      1  37110737
      1  37111267
      1  37111339
      1  37111520
      1  37111618
      1  37111801
      1  37111813
      1  37123359
      1  37123863
      1  37124934
      1  37125088
      1  37125132"
      1  37126085
      1  37130976"
      1  37132605
      1  37133224
      1  37137336
      3  37138852
      2  37138926
      1  37138926"
      1  37139102
      1  37143079
      1  37144620
      1  37150812
      1  37151401
      1  37151998"
      2  37152296
      1  37161450
      1  37164241
      1  37165384
      1  37175143
      1  37175179
      1  37175205
      1  37175312
      1  37175349
      1  37175371
      1  37175448
      1  37175475
      1  37175715
      2  37175783
      1  37175897
      1  37176813
      1  37176840
      1  37176928
      1  37179385
      1  37180577
      1  37180884
      1  37180926
      1  37181658
      1  37181859
      1  37185722
      1  37188117
      1  37189819
      1  37191421
      1  37195566
      1  37210537
      1  37210579
      1  37213342
      1  37214441"
      1  37215100
      1  37223276
      1  37226044
      1  37226086
      1  37228329
      1  37228445
      1  37230917
      1  37232353
      1  37232376
      1  37233493"
      1  37233566
      1  37233654
      1  37233685
      1  37237420
      3  37240264
      1  37240264"
      1  37240821
      2  37241729
      1  37241737
      1  37241819
      1  37241838
      1  37242146
      1  37242445
      1  37247268
      1  37247304
      1  37248746
      1  37250901
      1  37252278
      1  37253635
      1  37256228
      2  37259359
      1  37259363
      1  37259445
      1  37286905
      1  37287298
      1  37287298"
      1  37289340
      1  37289377
      1  37292210
      1  37292253
      1  37292335
      1  37296890
      1  37297362
      1  37297448
      2  37298808
      1  37298856
      2  37299164
      1  37299182
      1  37299526
      1  37299547
      1  37301856
      1  37305556
      1  37306628
      1  37317215
      1  37322258
      1  37324462
      1  37324465
      1  37325525
      1  37325596
      1  37332788
      1  37333043
      1  37333486
      1  37333988"
      1  37344563
      1  37346355
      1  37350000
      1  37351175
      1  37354314
      1  37360784
      1  37362342
      1  37363423
      1  37366424
      1  37366882
      1  37367015
      1  37367061
      1  37367068
      1  37367289
      1  37367643
      1  37367847
      1  37367849
      1  37371705
      1  37372547
      1  37373241
      1  37373500
      1  37375354
      2  37375369
      1  37375428
      1  37375652
      1  37375774
      1  37375790
      1  37375808
      1  37375819
      1  37376060
      1  37376061
      1  37376079
      1  37376101
      1  37376340
      1  37378778
      1  37383677
      1  37387217
      1  37387219
      1  37389342
      1  37392282
      1  37392282"
      1  37393306
      1  37397484
      1  37400760
      1  37404473
      1  37405161
      1  37407802
      1  37415911"
      1  37424804
      1  37428107
      1  37430919
      1  37431236
      1  37432489
      1  37434796
      1  37436547
      1  37440106
      1  37444207
      1  37444265
      1  37445591
      1  37445723
      1  37446030"
      1  37446063
      1  37446743
      1  37446748
      1  37446751
      1  37446903
      1  37447241
      1  37447264
      1  37448840
      1  37449600
      1  37455903
      1  37456134"
      1  37456745
      1  37456978
      1  37456978"
      1  37457983
      1  37461104
      1  37463953"
      2  37469550
      1  37469787
      1  37480054
      1  37480390
      1  37480467
      2  37483695
      1  37483971
      1  37491290"
      1  37492085
      1  37495572
      1  37496047
      1  37497111
      1  37497225
      1  37501975
      1  37504267
      1  37504386
      1  37505336
      1  37505676
      1  37507468
      1  37507872
      1  37507962
      1  37508182
      1  37509137
      1  37509531
      1  37509535
      1  37511797
      1  37511887
      1  37512523
      1  37513236
      1  37513251
      1  37513375
      1  37513412"
      1  37513554
      1  37513852
      1  37513933
      1  37514055
      1  37514087
      1  37514188"
      1  37514196"
      1  37514235
      3  37519687
      1  37520043
      1  37520043"
      1  37521668
      1  37521913
      1  37533100
      1  37533631
      1  37534055
      1  37534056
      1  37536933
      1  37537881
      1  37539183
      1  3754186
      1  37547337
      1  37550432
      1  37551386
      1  37554772
      1  37560754
      1  37568716
      1  37569122
      1  37569263
      1  37569414
      1  37569752
      1  37569836
      1  37570837
      1  37570872
      1  37571224
      1  37577197
      1  37577375
      1  37588981
      1  37593607
      1  37598190"
      1  37599981
      1  37600377
      1  37605237
      1  37605726"
      1  37621322
      1  37621771
      1  37622897
      1  37623717
      1  37627539
      1  37627998
      1  37628001"
      1  37629156
      1  37630204
      1  37630289
      1  37630786
      1  37631010
      1  37631032
      1  37631344
      1  37636964"
      1  37637038
      1  37641827
      1  37642881
      1  37642890
      1  37649480
      1  37649575
      1  37653800
      1  37653937
      1  37655317
      1  37660068
      1  37663894
      1  37663948
      1  37668757
      1  37670802
      1  37670974
      1  37675342"
      1  37679486
      1  37680977
      1  37683735
      1  37684586
      1  37685216
      1  37686229
      1  37686707
      1  37686845
      1  37686847
      1  37686958
      1  37687049
      1  37687064
      4  37687080
      1  37687109
      1  37687141
      1  37687224
      1  37687249"
      1  37687317
      1  37691037
      1  37692067
      1  37692481
      1  37693915
      1  37694778
      1  37697969
      1  37700261
      1  37701188
      1  37701822
      1  37704828
      1  37705738
      1  37705738"
      3  37711006
      1  37711008
      1  37711850
      1  37711984
      1  37712005
      1  37719006
      1  37719535
      1  37719681"
      1  37720090
      1  37720346
      1  37720376
      1  37720445
      1  37721642
      1  37724671
      1  37726449
      1  37727368"
      1  37736545
      1  37740817
      1  37740887
      1  37744303
      1  37748761
      1  37755616
      1  37760074
      1  37762016"
      1  37762260
      1  37762378
      3  37762557
      1  37763302
      2  37763761
      1  37764339
      1  37764365
      1  37764432
      1  37764779
      1  37765133
      1  37765156
      1  37765192
      1  37765439
      1  37765459
      1  37766292
      1  37771331
      1  37771344
      1  37771726
      1  37772380
      1  37772750
      1  37780222"
      1  37781079
      1  37782380
      1  37786518
      1  37790475
      3  37792223
      1  37795051
      1  37795365
      1  37796396
      1  37801440
      1  37803377
      1  37805533
      1  37809823
      1  37809955
      1  37810909
      1  37812356
      1  37818045
      1  37818051
      1  37818604
      1  37821870
      1  37822725
      1  37823108
      1  37832097
      1  37834240
      1  37834377
      1  37834479
      1  37835220
      1  37835350
      1  37836089"
      1  37836716
      1  37836749
      1  37836835
      3  37837473
      1  37840106
      1  37841402
      1  37851362
      1  37854313
      1  37856062
      1  37861816
      1  37868820
      1  37870581
      1  37875353"
      1  37875863
      1  37876967
      1  37886004
      1  37887294"
      1  37887415
      1  37888190
      1  37888717
      1  37891619
      1  37891876
      1  37893043
      1  37893973
      1  37894226
      1  37894369
      1  37894544
      1  37894557
      1  37894904
      1  37895055
      1  37895078
      1  37895809
      1  37895871"
      2  37895890
      1  37895922
      2  37895937
      1  37896225
      1  37898837
      1  37898850
      1  37898972
      1  37898975
      1  37900243
      1  37901525
      1  37901596
      1  37902910
      1  37908656
      1  37914970
      1  37915543
      1  37917323
      1  37921172
      1  37922032
      1  37928378"
      1  37930390
      1  37933213
      1  37936023
      1  37936720
      1  37953431
      1  37953758
      1  37954133
      1  37954853
      1  37955690
      1  37957171"
      1  37958509
      1  37958538"
      1  37958599
      1  37958717
      1  37958750
      1  37958772"
      1  37958950
      1  37959062
      1  37959773
      1  37959818
      1  37959863
      1  37960180
      1  37960212
      1  37964867
      1  37965102
      1  37965487
      1  37965491
      1  37975992
      1  37981671
      1  37981681
      1  37982888
      1  37990256
      1  37991539
      1  37994101
      1  38001440
      1  38001760
      1  38001804
      1  38001859
      1  38001954
      1  38003315
      1  38003415
      1  38003540
      1  38003638"
      1  38003703
      1  38004572
      1  38005304
      1  38005726
      1  38005733
      2  38010490
      1  38010582
      1  38012459"
      1  38023213
      1  38024711"
      1  38025537
      1  38026534
      1  38027044
      1  38027211
      1  38027402
      1  38027826
      1  38027882
      1  38029230
      1  38031946
      1  38034159
      1  38034489
      1  38034633
      1  38034771
      1  38035793
      1  38040926
      1  38041111
      1  38044345
      2  38044982
      1  38045213
      1  38049779
      1  38049800"
      1  38050568
      1  38051132
      1  38053135
      1  38055069
      1  38058746
      1  38062238
      1  38063231
      1  38064164
      1  38066078
      1  38067161
      1  38067400
      1  38067489
      1  38067549
      1  38067558
      1  38067601
      1  38067630
      1  38068521
      1  38068607
      1  38068868
      1  38069077
      1  38069368
      1  38069376"
      1  38074122"
      1  38074891
      1  38075666
      1  38075674
      1  38075843
      2  38076632
      1  38078145
      1  38086844
      3  38087345
      1  38094015
      1  38098043
      1  38099983
      1  38107142
      1  38107885
      1  38109310
      2  38111074
      1  38111670
      1  38113243
      1  38115043
      1  38129556
      1  38130729"
      1  38131378
      1  38132776"
      1  38133044
      1  38133203
      1  38136213
      2  38136228
      1  38137284
      1  38137351
      1  38137512
      1  38138124
      1  38138165
      1  38138272"
      1  38138525
      1  38138534
      1  38138604"
      1  38138618
      2  38138692
      1  38138866
      1  38139154
      1  38139164
      1  38139173
      1  38139247
      1  38139333
      1  38140410
      1  38140425
      1  38140508
      1  38140764
      1  38146327
      1  38148552
      1  38151503
      1  38163244"
      1  38163636
      1  38165593
      1  38167560
      1  38169775"
      1  38170375
      1  38172210
      1  38174224
      1  38174438
      2  38175413
      1  38187092
      1  38187226
      1  38189883
      1  38191388
      1  38191592
      1  38194183
      1  38195040
      1  38197904
      1  38201463"
      1  38201542
      1  38201944
      2  38202326
      1  38202326"
      2  38202328
      1  38202401
      1  38202401"
      1  38202544
      2  38202613
      1  38202643
      1  38202643"
      2  38202691
      1  38202819
      1  38204594
      1  38212737"
      1  38212810
      1  38213175
      1  38214710
      1  38225520
      1  38227108
      1  38227263
      1  38231060
      1  38240088"
      1  38240974"
      1  38241548
      1  38244136"
      1  38248312
      1  38248830
      1  38251037
      1  38252337
      1  38254523
      1  38254597
      1  38255624
      1  38255776
      1  38255813
      1  38255978
      1  38257048
      1  38257207
      2  38257275
      1  38257325"
      1  38257382
      1  38259289
      1  38267936
      1  38267965"
      1  38267974
      1  38270324
      1  38270618
      1  38275627
      2  38276015
      1  38276525
      1  38279232
      1  38279753
      1  38283224
      1  38283266
      1  38284069
      1  38284084
      1  38288813
      1  38288817
      1  38289115
      1  38291224
      1  38293669
      1  38297292
      1  38300920
      1  38302973
      1  38310453"
      2  38312555
      1  38313077"
      1  38314262
      1  38318072
      1  38318112
      1  38318825
      1  38322531
      1  38323080"
      1  38324023
      1  38326394
      1  38326539
      1  38330006
      1  38332833
      1  38334836
      1  38337668
      1  38337865"
      1  38338394"
      1  38338613
      1  38338784
      1  38340248
      1  38352786
      1  38352872
      1  38352953
      1  38353757
      1  38356259
      1  38357574
      1  38360138
      1  38361933
      1  38362149"
      1  38362695
      1  38363812
      1  38369725
      1  38371808
      1  38371830"
      1  38373982
      1  38379541
      1  38383815
      1  38385079
      1  38391759
      2  38396629
      1  38396841
      1  38396931
      1  38397018
      1  38397805
      1  38398007
      1  38398555
      1  38399223
      1  38399238
      1  38400579"
      1  38406294
      1  38406577
      1  38409305"
      1  38414774
      1  38415490
      1  38415922
      1  38416277"
      1  38416335
      1  38418513
      1  38419111
      1  38419851
      1  38419885
      1  38422244
      1  38425393
      1  38426090
      1  38428907
      1  38434110
      1  38434881
      1  38435364
      1  38438802
      1  38441019
      1  38443946
      1  38444743
      1  38448883
      1  38448931"
      1  38449642
      1  38455634
      1  38455634"
      1  38456960
      1  38463249
      1  38463777
      1  38465212
      1  38469373
      1  38472715
      1  38472804
      1  38473970
      1  38474216
      1  38474590
      1  38475427
      1  38475435
      1  38475464
      1  38475482
      1  38476209
      1  38476717
      1  38482051
      1  38482058
      1  38491124
      1  38492149
      1  38495473"
      1  38498057
      1  38498568
      1  38500769
      1  38503729"
      1  38512649
      1  38514650
      1  38517334
      1  38517590"
      1  38519821
      1  38519984
      1  38519991
      1  38523518
      1  38525339
      1  38529189
      1  38531560
      1  38533033
      1  38534661
      1  38535246"
      1  38539427
      1  38539820
      1  38539858
      1  38539881"
      1  38539908
      1  38540096
      1  38540100
      2  38540115
      1  38540924
      1  38542183
      1  38542209"
      1  38542838
      1  38542959
      1  38543060
      1  38543134
      1  38550332
      1  38555532
      1  38559562
      1  38559757
      1  38559956"
      1  38571743
      1  38572428
      1  38573335
      1  38575697
      1  38576446
      1  38576490
      1  38576495
      2  38577471
      2  38584537
      1  38585610
      1  38589598
      1  38592439
      1  38594692
      1  38596137
      1  38601751
      1  38604998
      1  38611438
      1  38611495
      1  38611572
      1  38612433
      1  38612520
      1  38612870
      1  38612967
      1  38613018"
      1  38619662"
      1  38622641
      1  38623511"
      1  38633616
      1  38633945
      1  38639281
      1  38643290
      1  38647584
      1  38649381
      1  38650225
      2  38652277
      1  38653944
      1  38654302
      1  38660138
      1  38660276
      1  38660386
      1  38662247
      1  38662949
      1  38665833
      1  38666047
      1  38668350
      1  38668617
      1  38668684
      1  38668832
      1  38672535
      1  38672692
      1  38672815"
      1  38672844
      1  38673967
      1  38674357
      1  38674496
      1  38675611
      1  38675613
      1  38675649
      1  38675663
      1  38676828
      1  38680005"
      1  38682742
      1  38684840
      1  38685811
      1  38686047"
      1  38686504
      1  38690209
      1  38691297
      1  38694553
      2  38694910
      1  38700828
      1  38702178"
      1  38706358"
      1  38707642
      3  38710924
      1  38711042
      1  38711969
      1  38715072
      1  38722432
      1  38722566
      1  38724755
      1  38725854
      1  38726425
      1  38727378
      1  38730628
      1  38731567"
      2  38732426
      1  38732484
      1  38732748
      1  38737324"
      1  38738026"
      1  38738269"
      1  38739003
      1  38742069"
      1  38744737
      1  38748287
      1  38750519
      1  38753584
      1  38756602
      1  38764638"
      1  38765085
      1  38766325
      1  38774213"
      1  38774649
      1  38775850"
      1  38777818"
      1  38783288
      1  38785770
      1  38789533
      1  38789822
      1  38790658
      1  38791100"
      1  38791435
      1  38791932
      1  38792122
      1  38792234
      1  38793245
      1  38794144
      1  38794144"
      1  38794166
      1  38794244
      1  38794654
      1  38795134
      1  38795259
      1  38797813
      1  38798215
      1  38799474
      1  38799736
      1  38800336
      1  38802441
      1  38803438"
      1  38803791
      1  38803958
      1  38807329
      1  38807374
      1  38808148
      1  38809629
      1  38811773
      1  38816433
      1  38816637
      1  38816637"
      1  38816839
      1  38817632
      1  38819027
      1  38820477
      1  38822868
      1  38829482
      1  38831573
      1  38832263
      1  38832985
      1  38834643
      1  38834905
      1  38837070
      1  38840248
      1  38840641
      1  38841620
      1  38844763
      1  38846010
      1  38849958
      2  38850406
      1  38851702
      1  38853268
      1  38855536
      1  38855746
      1  38858692
      1  38861100
      1  38863503
      1  38867992
      1  38869599
      1  38873430
      1  38873988
      1  38873997
      1  38877657
      1  38877861
      1  38882728
      1  38884080
      1  38886329
      1  38890941
      1  38891089
      1  38891789
      1  38891892
      1  38892254
      1  38892575"
      1  38893322"
      1  38893349
      1  38893502
      1  38893515
      2  38895662
      1  38895677
      1  38898276
      1  38902910
      1  38903205
      1  38904011
      1  38911867
      1  38912446
      1  38914751
      1  38915462
      1  38915868
      1  38915951"
      1  38916754
      1  38916832
      2  38918680
      1  38920937
      1  38921023
      1  38921380
      1  38925550"
      1  38926832
      1  38927399"
      1  38928095
      1  38928836"
      1  38929090
      1  38929120
      1  38929147
      1  38929874
      1  38930831
      3  38930949
      1  38931040
      1  38931175
      1  38931205
      1  38931371"
      1  38931388
      1  38931401
      1  38931417
      1  38933291
      1  38939097
      1  38940333
      1  38940918
      1  38941043
      1  38947375
      1  38947390
      1  38949744
      1  38952156
      1  38952445
      1  38956206
      1  38957318
      2  38958363
      1  38961905
      1  38962319
      1  38963137
      1  38966421
      1  38966560
      1  38975345
      1  38977801"
      1  38982918"
      1  38983813
      1  38985312"
      1  38993643
      2  38994757
      1  38997637
      1  38998321
      1  38998478
      1  38998660
      1  38998933
      1  38999009
      1  39000469"
      1  39000493
      1  39005665
      1  39006202
      1  39011586"
      1  39014067
      3  39014276
      1  39021910"
      1  39026645
      2  39028496
      1  39033086
      1  39033533
      1  39034715
      1  39035813
      1  39036478
      1  39036733
      1  39039158
      1  39043959"
      1  39044767
      1  39046582
      1  39048980
      1  39050746
      1  39054443
      1  39055186
      1  39055297
      1  39055830
      1  39055854
      1  39056699
      1  39057035"
      1  39057047
      1  39057047"
      1  39057348
      1  39057397
      1  39061221
      1  39061893
      1  39061944
      1  39062784
      1  39062820
      1  39062967
      1  39063203
      1  39063360
      1  39064315
      1  39065491
      1  39065509
      1  39065620
      1  39065669"
      1  39065670
      1  39065725
      1  39065761
      1  39066940
      2  39068572
      1  39072200
      1  39075542
      1  39076734
      1  39076986
      1  39077313
      1  39078186
      1  39079967
      1  39081698
      1  39081717
      1  39082882
      1  39086603
      1  39086858
      1  39096472"
      1  39099944
      1  39100246
      1  39100386
      1  39101131
      1  39101595
      1  39104427
      1  39104907
      1  39108844
      1  39109327
      1  39111820"
      1  39115787"
      1  39115794
      1  39123550
      1  39123591
      1  39123615
      1  39124182
      1  39124412
      1  39124888
      1  39125413
      1  39125431
      1  39125648
      1  39125863
      1  39126076
      1  39128040
      1  39128983
      1  39129290
      2  39130440
      1  39130753
      1  39133435
      2  39136507
      1  39138746
      2  39139643
      1  39139957
      1  39144068
      1  39145010"
      1  39145050
      1  39145095
      1  39148547
      1  39148610
      1  39149113
      1  39149547"
      1  39152152"
      1  39155844
      1  39155972
      1  39156220
      1  39156930
      1  39157421
      1  39165946
      3  39170506
      1  39170702
      1  39171161
      1  39171255
      1  39171593
      1  39171844
      1  39175537
      1  39175663
      1  39184218
      1  39185060
      1  39185304
      1  39187336
      1  39187810
      1  39192223
      1  39192686
      1  39193331
      1  39195369
      1  39195523
      1  39197808
      1  39199158
      1  39200166"
      1  39200268
      1  39201266
      1  39201281
      1  39201782
      1  39201788
      1  39202829
      1  39202938
      1  39203020
      1  39203369
      1  39203724
      1  39203781
      1  39203857
      1  39203871
      1  39204124
      2  39204150
      1  39204169
      1  39206126
      1  39206194
      1  39210410
      1  39212819"
      2  39215068"
      1  39215442
      1  39217322
      1  39218854
      1  39219020
      1  39220884
      1  39221146"
      1  39228913
      1  39230639
      1  39232809"
      1  39233844
      1  39234181
      1  39234772
      1  39236355
      1  39240463
      1  39242879"
      1  39245578
      1  39245716
      1  39251496"
      1  39252111
      1  39252946"
      1  39254878
      1  39261597
      1  39262975
      1  39263207
      1  39263684
      1  39267822"
      1  39268412
      1  39269046
      1  39272428
      1  39272430"
      1  39272454
      1  39272552
      1  39272578
      2  39273364
      1  39273552
      1  39273867"
      1  39274913
      2  39274982
      1  39274982"
      1  39275090
      1  39275090"
      1  39275132
      1  39275256
      1  39279710
      1  39283367
      1  39286191
      1  39290383
      1  39290583
      1  39296108
      1  39296901
      2  39297456
      1  39297969
      1  39298494
      1  39301125
      1  39301767
      3  39309188
      1  39309692
      1  39309752"
      1  39310166
      1  39310264
      1  39312035
      2  39312451
      1  39313658
      1  39314189
      1  39315732
      1  39317690
      1  39317904
      1  39318429
      1  39318776
      1  39319344
      1  39319846
      1  39330518"
      1  39330805
      1  39330833
      1  39330833"
      1  39334689"
      1  39334719
      1  39334932
      1  39335055
      1  39337266
      1  39338413"
      1  39339268
      1  3933933
      1  39339351
      2  39339433
      1  39339747
      1  39339769
      1  39345715
      1  39345799
      1  39346787
      1  39347420
      1  39350981
      1  39350981"
      1  39351098
      1  39351237
      1  39351575
      1  39356361
      1  39361173"
      1  39363008
      1  39364348
      1  39364440
      1  39367128
      1  39369172
      1  39372216
      1  39372389
      1  39376605
      1  39376605"
      1  39376727
      1  39381110
      2  39382942
      1  39383790
      1  39385504"
      1  39388634
      1  39396465
      1  39398618
      1  39398976
      1  39399842
      1  39402458
      1  39404375
      1  39405607
      1  39407193
      1  39407660
      1  39408644
      1  39408653
      1  39408719
      1  39409633
      1  39409810
      1  39410126"
      1  39415777
      1  39421116
      1  39421314
      1  39421621
      1  39429482
      1  39430210
      1  39430469"
      1  39435289
      1  39439687
      1  39439838
      2  39440731
      1  39449797
      1  39450058
      1  39456663"
      1  39456916
      1  39456934
      1  39457112
      1  39457379"
      1  39458470
      1  39458500
      1  39458516
      1  39458787
      1  39459017
      3  39459038
      1  39459598
      1  39459634
      1  39460932
      1  39464467
      1  39464892
      1  39466383
      1  39466449
      1  39470920
      1  39471005
      1  39473808"
      1  39474479
      1  39476861"
      1  39477875
      3  39478959
      1  39479648
      1  39479667
      1  39482651
      1  39483791
      1  39485376
      1  39487943
      1  39491798
      1  39492885
      1  39493560
      1  39494099
      1  39494352"
      1  39498383
      1  39499413
      1  39500822
      1  39500933
      1  39502534
      1  39507071
      1  39507335
      1  39507907
      1  39511658
      1  39516320
      1  39517300
      1  39517770"
      2  39518052
      1  39519045
      1  39519063
      1  39519591
      1  39519596
      1  39519596"
      1  39519654"
      1  39519671
      1  39519685
      2  39519906
      1  39520705"
      1  39523731
      1  39524716
      1  39524721
      1  39524833"
      1  39525639
      1  39529942
      1  39536185
      1  39544488"
      1  39544624
      1  39544928
      1  39551742
      1  39554322"
      4  39554337
      1  39554337"
      1  39554340
      1  39554610"
      1  39554751
      1  39557817
      1  39561220
      1  39563954
      1  39564110
      1  39570553
      1  39580755
      1  39598457
      1  39598849
      1  39599882
      1  39608794"
      1  39609444
      1  39610320
      1  39611927
      1  39611955"
      1  39613794
      1  39616676"
      1  39619199
      1  39619617
      1  39619980
      1  39623433
      1  39624687
      1  39625590
      1  39628999
      1  39630205"
      1  39630319"
      1  39634336
      1  39635431
      1  39635808
      1  39639753
      1  39640047
      1  39640288"
      1  39640688
      1  39644463
      1  39650649
      1  39654621
      1  39655230
      1  39659309
      1  39659600"
      2  39659752
      1  39659918
      1  39662423
      1  39664587
      1  39669143
      1  39677523
      1  39680269"
      1  39681592
      1  39682473
      1  39682738
      1  39682896
      1  39682981"
      1  39683155"
      1  39683504
      1  39683626
      1  39683626"
      1  39683690
      1  39683806
      1  39683806"
      1  39683859
      1  39684484
      1  39684736
      1  39684747
      1  39687330
      1  39690370
      1  39691196"
      2  39691874
      1  39695597
      1  39702009"
      1  39702532"
      1  39703195
      1  39707195
      1  39707666
      1  39709350
      1  39709358
      1  39710687
      1  39711921
      1  39711973
      1  39712942
      2  39713615"
      1  39715739
      1  39716976
      1  39717550
      1  39718608
      1  39720218
      1  39720294
      1  39720730
      1  39722486
      1  39723045
      1  39723390
      1  39726605"
      1  39726959
      1  39727987"
      1  39728433
      1  39730949
      1  39732808
      1  39735328
      1  39735561
      1  39735934
      1  39738731
      1  39742095
      1  39744563
      1  39747357
      1  39749050"
      1  39754781
      1  39755857
      1  39758803
      1  39758938"
      1  39759228
      1  39759821
      4  39760812
      1  39761855
      1  39764218
      2  39764419
      1  39764423
      2  39765651
      1  39765702
      1  39765789
      2  39766189
      1  39767013
      1  39767073
      1  39767561"
      1  39769023
      1  39769174
      1  39769332"
      1  39769495
      1  39769960
      1  39770078
      1  39770420
      1  39770441
      1  39770489
      1  39770553
      1  39771213"
      1  39773739
      1  39775208
      1  39780079
      1  39780248
      1  39791152
      1  39792314
      1  39795900
      1  39796040"
      1  39796201
      1  39796201"
      1  39796593
      1  39800773
      1  39803491
      1  39803905
      1  39804670"
      1  39807490"
      1  39808736
      1  39809191
      1  39809826"
      1  39810520
      1  39812944
      1  39814844
      1  39816173
      1  39819413
      1  39819536
      1  39820926
      1  39821819
      1  39822985"
      1  39830672
      1  39834825"
      1  39834835"
      1  39838121
      1  39839895
      1  39840364
      1  39844171
      1  39844243
      1  39844869
      1  39845783
      1  39845796
      1  39847090
      1  39850573
      1  39850601
      1  39852121
      1  39852154"
      1  39856898
      1  39857366"
      1  39857383
      1  39857383"
      1  39857450
      1  39858180
      1  39858497
      2  39860018
      1  39860087"
      1  39860103"
      1  39861099
      1  39861102
      1  39861160"
      1  39861543
      1  39861614
      1  39861654
      1  39861671
      1  39861714
      1  39861761
      1  39862058
      1  39863664
      1  39866203
      1  39866300
      1  39871124
      1  39872282
      1  39872286
      1  39874307
      1  39875357
      1  39878805
      1  39881135
      1  39881768
      1  39881825
      1  39881843
      1  39881843"
      1  39883250"
      2  39895949
      1  39897859
      1  39898124
      1  39900819
      1  39901023
      1  39906289"
      1  39906691
      1  39907426
      1  39907831
      1  39907846
      2  39907951
      1  39910467
      1  39911348
      1  39911985
      1  39912901
      1  39913473
      1  39915447
      1  39916826
      1  39916856
      1  39925535
      1  39926211
      1  39927164
      1  39928149
      1  39928241
      1  39930033
      1  39931176
      1  39931370
      1  39931766
      1  39935946
      1  39939383"
      1  39940688
      1  39940856"
      1  39941079
      1  39941886
      1  39941980
      2  39942781
      1  39942802
      1  39942825"
      1  39944283
      1  39944836
      1  39948548"
      1  39949883
      1  39950047
      1  39950117
      1  39951420
      1  39953594
      1  39955498
      1  39955573
      1  39960579
      3  39963559
      1  39966334
      1  39967906"
      1  39972480
      1  39974737"
      1  39977586
      1  39988442
      1  39989973
      1  39991244
      1  39991244"
      1  39992954
      1  39994136
      1  39995416
      1  39997728
      1  39997749
      1  39998626
      1  4-naphtho-quinone-2yl) isonicotinohydrazide."
      1  40000514
      4  40001110
      1  40001961"
      1  40002335
      1  40002465"
      1  40002941
      1  40004098"
      1  40005119
      1  40005162"
      1  40005231
      1  40005537
      1  40005695
      1  40005968"
      1  40006010
      1  40006059
      1  40006525"
      1  40006638
      2  40006756
      1  40006770"
      1  40006850
      1  40007918
      1  40011287"
      1  40011866"
      1  40012624"
      1  40015687
      1  40016603
      1  40017144
      1  40019530
      1  40020921
      1  40024992"
      1  40027346
      2  40028611
      1  40032912
      1  40038612
      1  40040983
      1  40041153
      1  40045027
      1  40050498
      1  40050951
      1  40050970
      1  40051578
      1  40052129
      1  40057537
      1  40057816
      1  40059813
      1  40060288"
      1  40060836
      1  40061485
      1  40061631
      1  40061956
      1  40066125"
      1  40066330
      1  40066337"
      2  40066338
      1  40066340
      1  40066456
      1  40070686"
      1  40071088
      1  40072599
      1  40074444"
      1  40074746
      1  40074843"
      1  40076055"
      1  40076126"
      1  40076318
      1  40076373"
      1  40076402
      1  40076447
      1  40076808"
      1  40076857
      1  40076925
      1  40076986
      1  40077584
      1  40077634
      1  40077738
      1  40082491
      1  40082669
      1  40083703
      1  40084689"
      1  40089549
      1  40089610"
      1  40092573"
      1  40092942
      1  40092956
      1  40093944"
      1  40094754
      1  40097732
      1  40102501
      1  40103746
      1  40104207"
      1  40105990
      1  40108167
      1  40108638"
      1  40109681"
      1  40109745
      1  40110122
      1  40113555
      1  40115132
      1  40120005
      4  40120008
      1  40122993
      1  40124132
      1  40125437
      1  40125437"
      1  40126852
      1  40129771"
      1  40129983
      1  40130181
      1  40136680"
      1  40138292
      1  40140912
      1  40141171
      1  40141219
      1  40141319"
      1  40141978
      1  40142036
      1  40142053"
      1  40143000
      1  40143044
      1  40143065
      1  40143106
      1  40143604
      2  40144526
      1  40149610"
      1  40149930"
      1  40150337
      1  40152679
      1  40155621
      1  40156363"
      2  40159570
      1  40159577
      1  40163489
      1  40166422"
      1  40172769"
      1  40176886
      1  40176901
      1  40181602"
      1  40183909
      1  40184394"
      1  40189587
      1  40191206
      1  40191458
      1  40191731"
      1  40193371
      1  40195298"
      1  40196375
      1  40201024
      3  40201307
      1  40201307"
      1  40205269
      1  40206073
      1  40207736
      1  40210731
      1  40211703
      1  40212372
      1  40212964
      1  40213419
      1  40213652
      1  40213689"
      1  40213810
      1  40219080
      1  40219102
      1  40220116
      1  40221589
      1  40224427
      1  40224963"
      1  40226
      1  40226757
      1  40227196"
      2  40227265
      1  40227405"
      1  40227413
      1  40229284
      1  40231128
      1  40231196
      1  40231952
      1  40231974
      1  40232117
      2  40234644
      1  40237799
      1  40237800"
      1  40238062
      1  40238536"
      1  40242451
      1  40242602
      1  40242969
      1  40243525
      1  40244247
      4  40246868
      1  40248812
      1  40251997"
      1  40255473
      1  40255581
      1  40255949
      1  40256708"
      2  40257645
      1  40258775
      1  40258887"
      1  40263172
      1  40264676
      1  40264760
      1  40271950
      1  40272665
      1  40277700
      1  40277899
      1  40278498
      2  40280109
      1  40281504
      1  40282788
      1  40283217
      2  40283928
      1  40283975
      1  40283986
      1  40284458
      1  40284843"
      1  40285509
      1  40286213
      1  40286248
      1  40295240"
      1  40296150
      1  40298867"
      1  40301569"
      1  40305263
      1  40307507
      1  40307566
      1  40308267
      1  40313315
      1  40313342
      1  40313794
      1  40314322
      1  40315224
      1  40317214
      1  40321606"
      1  40322853
      1  40325273
      1  40327129
      1  40329121
      1  40330076
      1  40331959
      1  40333256
      1  40333775
      1  40343005"
      1  40343252
      1  40351076
      1  40351525
      1  40352175"
      1  40352348
      1  40353994"
      1  40358698"
      1  40362523
      1  40362760
      2  40363698
      1  40363771"
      1  40363780
      1  40363791
      1  40364370
      1  40365309
      1  40368336
      1  40369482
      1  40369574
      1  40370430
      1  40370990
      1  40371003"
      1  40372659
      1  40375989
      1  40377003
      1  40377003"
      1  40377777
      1  40382641
      1  40385152
      1  40385988
      2  40390492
      1  40390818
      1  40391177
      1  40391833
      1  40399914"
      1  40405099
      1  40406095
      1  40406101
      1  40406243
      1  40406722
      1  40411535"
      1  40411617
      1  40412023
      1  40414832
      1  40417000
      1  40417219
      1  40420174
      1  40422804
      1  40422906
      1  40423744
      1  40424214
      1  40426575
      1  40427237"
      1  40427384
      1  40427420"
      1  40427479"
      1  40427579
      1  40427700
      1  40428528"
      1  40428534"
      1  40428614
      1  40429779
      1  40429793
      1  40429805
      1  40429884"
      1  40429902
      1  40429988
      1  40430466
      1  40430526"
      2  40430567
      1  40430567"
      1  40430833
      1  40430886
      1  40430965
      1  40430979
      1  40431004
      2  40431024
      1  40431069
      1  40437268
      1  40438489
      1  40439931
      1  40442345"
      1  40444044
      1  40444075
      1  40444089
      1  40444125
      1  40444475
      1  40448239
      1  40448817
      1  40452566"
      1  40452785
      1  40452793"
      1  40454185
      1  40455233
      1  40456930
      1  40458200
      1  40458214
      3  40458304
      1  40458304"
      1  40458797
      1  40458800
      1  40463502
      1  40465037
      1  40473600
      1  40473897
      1  40473897"
      1  40476489
      1  40487786"
      1  40488047
      1  40488837
      1  40490812
      1  40491704
      1  40493253
      1  40493574
      1  40495656
      1  40496046
      1  40496070
      1  40496246
      1  40497864
      1  40498952"
      1  40503402
      1  40504815"
      1  40506769"
      1  40507096
      1  40507906
      1  40508032
      1  40508195
      1  40509149"
      1  40509408
      1  40510163
      1  40511521"
      1  40512370
      1  40514657"
      1  40517270
      1  40519578
      1  40519653
      1  40520186
      1  40520634
      1  40521369
      1  40522499"
      1  40525424"
      1  40526278
      1  40528996"
      1  40532177"
      1  40535810
      1  40538534
      1  40538540
      5  40539051
      1  40539051"
      1  40539458
      1  40539465
      1  40540192
      1  40540454"
      1  40542063"
      1  40542322"
      1  40545499
      1  40546395
      1  40546936
      1  40547111"
      1  40547177
      1  40548181
      1  40557151
      1  40557321
      1  40559393
      1  40563367"
      2  40563525
      1  40563840
      1  40563888
      1  40563946"
      1  40564198
      1  40564897"
      1  40564926
      1  40565062"
      1  40572357"
      1  40572472
      1  40572489
      1  40572494"
      1  40573219
      1  40573232"
      1  40574011"
      1  40574073
      1  40574091
      1  40574854
      1  40577311
      1  40577644
      1  40579128
      1  40580215
      1  40584322
      1  40584407
      1  40585041
      1  40591087
      1  40607002
      1  40607631
      1  40608117"
      1  40608162"
      1  40609197
      1  40612915"
      1  40613239
      1  40615787
      1  40617855
      1  40619414"
      1  40620779
      1  40621024
      1  40624233"
      1  40624553
      1  40624553"
      1  40626038
      1  40630122"
      1  40630478
      1  40630690
      1  40631551
      1  40635056"
      1  40635717
      1  40636428
      1  40637745
      1  40640696
      1  40641933"
      1  40643805"
      1  40646062
      1  40646516
      1  40647761"
      1  40647909"
      1  40648038"
      1  40648713
      1  40649327
      2  40649346
      1  40649735
      1  40649923"
      1  40650177
      1  40650182
      1  40650193
      1  40654183
      1  40654400
      1  40655611
      1  40656544"
      1  40657042
      1  40661938
      1  40664749
      1  40666181
      1  40670975
      2  40671046
      1  40672368
      1  40672368"
      1  40672375
      2  40672588"
      1  40673293
      2  40676557
      1  40676620
      1  40677840
      1  40678709
      1  567654
      1  6140646
      1  646926
      1  6504048"
      1  6965796
      1  6972537"
      1  7118989
      1  7228879"
      1  7538448
      1  7559103"
      1  7682894
      1  7685750
      1  7964977
      1  7987863
      1  7987863"
      1  822281
      1  8310811
      1  8454916
      1  8463135
      1  8477838
      1  8550384
      2  8690755
      1  8766525
      1  8897074"
      1  9120549
      1  9127170"
      1  9771410"
      1  9850187
      1  AKT
      1  Acute and Chronic Toxicity (14-180 Days) Studies."
      1  Aging-Related
      1  Aloe Arborescens Leaf Juice
      1  Anti-Cancerous and Photocatalytic Applications."
      1  Anti-Inflammatory
      1  Antigenotoxic
      1  Antimicrobial Activity
      1  BCL2 and BAX Genes in Cell Line of Lung
      1  CACO-2 and L929 Cell Lines."
      1  Caspase-9
      1  Cell Cycle Arrest
      1  Cell Imaging
      1  Clinical
      1  Computational Pharmacokinetics and Biological Predictions of Aloe perryi Resins Methanolic Extract."
      1  Cyclin A
      1  Cytotoxicity
      1  Diarrhea
      1  Docking
      1  Echium amoenum and Physalis alkekengi mixture in symptomatic benign prostate hyperplasia (BPH) men."
      1  G2/M cell cycle arrest and suppression of cell migration."
      1  Genotoxicity in comet test and SMART assay in Drosophila melanogaster."
      1  HepG2
      1  III
      1  In vivo antitumor activity assessment in EAC and DLA models
      1  In vivo tumor suppression assay
      1  India."
      1  Induces Apoptosis through Inducing Endoplasmic Reticular Stress in Human Prostate Carcinoma Cells."
      1  Johor
      1  K+-ATPase activity and mitochondrial functions."
      1  MTT assay
      1  Migration
      1  Multicentric Clinical Study."
      1  Not specified in the text
      1  Oxidative Stability
      1  PC3."
      1  Pharmacokinetics and Toxicology."
      1  Potential Target
      1  Produces Vincristine and Vinblastine
      1  ROS
      1  Reduces Akt/mTOR Activities
      1  Survivin downregulation analysis
      1  TGFβ-1
      1  TNF
      1  Tricholepis glaberrima DC. and Viola stocksii Boiss."
      1  VEGF-A and hTERT in human lung
      1  Ximenia Caffra and Mimusops Zeyheri Seed Oils In Vitro."
      1  Zanthoxylum rhetsa
      1  a Popular Botanical Dietary Supplement."
      1  a cycloartane-type triterpenoid from the resinous exudates of Commiphora myrrha
      1  a new cytotoxic compound from Dendrobium chrysotoxum."
      1  alters Ca2+ signaling and viability in human HepG2 hepatoma cells."
      1  and Adhesion in an SW480/SW620 Syngeneic Colorectal Cancer Model."
      1  and Anti-Cancer Effects of the Leaf Essential Oils Isolated from Three Species of the Rutaceae Family in Vietnam."
      1  and Anti-Cancer Efficacy of Garden Cress (Lepidium sativum Linn.) Seed Extracts
      1  and Anti-cancer Properties of Artemisia Annua."
      1  and Antibacterial Activities of Roots and Seeds of Ammi visnaga L. Methanol Extract."
      1  and Anticancer Activities and Chemical Composition of Alpinia galanga Flower Essential Oil."
      1  and Anticancer Activities of the Water-Ethanol Extract of Pulicaria undulata Growing in the Oasis of Central Saudi Arabian Desert."
      1  and Anticancer Activity of Culturable Fungal Endophyte Communities in Cordia dichotoma."
      1  and Anticancer Activity."
      1  and Anticancer Potential."
      1  and Anticancer Properties of Cerium Oxide Nanoparticles Prepared by Green Synthesis Using Morinda citrifolia Leaves Extract."
      1  and Anticholinesterase Properties of Phyllanthus emblica: A Study Supported by Spectroscopic and Computational Investigations."
      1  and Antioxidant Activities of Mace Extracts from Myristica fragrans."
      1  and Antiproliferative Properties of Essential Oils from Hairy and Normal Roots of Leonurus sibiricus L. and Their Chemical Composition."
      1  and Antiviral Activities by Molecular Docking Studies."
      1  and Autophagy-Induced by Crude Ricin from Ricinus communis Seeds in A549 Lung Cancer Cell Lines."
      1  and Bioactivity of Curcumin by Polyvinyl Alcohol."
      1  and Cytogenotoxic Profiling."
      1  and Cytotoxic Activities of Rumex crispus L."
      1  and Cytotoxic Activity."
      1  and Cytotoxicity Activities."
      1  and Cytotoxicity Insights."
      1  and DFT analysis."
      1  and DNA and Protein Damage."
      1  and Dietary Applications."
      1  and Docosahexaenoic Acid (DHA)."
      1  and Enzyme-Inhibitory Activities of Artemisia nilagirica (C.B. Clarke) Pamp."
      1  and Genotoxic Activities of Bombax ceiba Flowers in Liver Cancer Cells Huh7."
      1  and Genotoxicity."
      1  and Induces Global Epigenetic Modifications on Histone 3 in an Acute Lymphoid Leukemia Cell Line."
      1  and Inflammatory Diseases."
      1  and Intestinal Transcriptional Responses of Cyprinus carpio."
      1  and Mitochondrial Dysfunction in Human Cervical Cancer."
      1  and Ni2+)-Doped Carbon Dots Synthesized via Microwave-Assisted Pyrolysis: A Potential Nanoprobe for Magneto-fluorescent Dual-Modality Bioimaging."
      1  and P53 in A549 Lung Cancer Cells Comparison of the Effect of Echinophora platyloba DC. Extract and Cordia myxa L Extract on the Expression of Apoptotic Genes of Bax
      1  and Pharmacological Potentials of Crescentia cujete L. (Bignoniaceae)."
      1  and Potential Applications."
      1  and Potential Mechanisms."
      1  and Radiotherapy."
      1  and Reduces Its Adverse Effects."
      1  and Related Properties of Extracts in Cell Lines: A Review of Medicinal Effects
      1  and Risks."
      1  and Safety Profile."
      1  and Their Effect on Glioblastoma Cells."
      1  and VEGFR2."
      1  and Wound-Healing Activities."
      1  and anacardiaceae species against Mycobacterium tuberculosis H37Rv and triple-negative breast cancer cells."
      1  and analogues and their N-oxides. Potential antitumor agents."
      1  and anti-breast cancer."
      1  and anti-cancer properties of Allium wallichii."
      1  and anti-diabetic activities."
      1  and anti-inflammatory activities."
      1  and anti-tyrosinase activities."
      1  and antibacterial potential of Alpinia galanga (L.) rhizome."
      1  and anticancer activities of oregano (Origanum vulgare) essential oil in a human skin disease model."
      1  and anticancer activities."
      1  and antioxidant activities."
      1  and apoptosis and its association with the EP300/PI3K/AKT pathway."
      1  and applications of the herb with the homology of medicine and food: Ligustrum lucidum W.T. Aiton."
      1  and bioactivities."
      1  and bioactivity."
      1  and chemical investigation of campesterol."
      1  and clinical application of nuciferine on inflammation-related diseases."
      1  and cytotoxic activities."
      1  and cytotoxic activity of Murraya koenigii leaf extract intercedes ZnO nanoparticles."
      1  and cytotoxicity potential of silver nanoparticles synthesized using the outer peel extract of Ananas comosus (L.)."
      1  and enhancement of apalutamide
      1  and enhances TRAIL sensitivity in hepatocellular carcinoma cells."
      1  and environmental effects of three imidazolinone herbicides enantiomers."
      1  and evaluation of anticancer and antimicrobial properties."
      1  and fetal stage."
      1  and gene regulatory effects."
      1  and growth signaling pathways."
      1  and in vivo studies."
      1  and in vivo study."
      1  and its derivatives."
      1  and its potential health impacts on mice."
      1  and medicinal uses."
      1  and metabolic deprivation."
      1  and miRNA-29a Expression."
      1  and micro- or nano- delivery system."
      1  and molecular networking."
      1  and pharmacodynamics."
      1  and pharmacology."
      1  and phytochemical properties of Chenopodium album: A comprehensive review."
      1  and phytotoxic activities of merulidial derivatives."
      1  and stomach cancer cells."
      1  and their eco-friendly approaches to degradation of methylene blue under solar light irradiations."
      1  and their main individual constituents."
      1  and therapeutic potential."
      1  and thymoquinone on colon cancer cells."
      1  and toxicity of Eriobotrya japonica leaves: A summary."
      1  and upregulating p21 expression."
      1  and uses."
      1  anti-inflammatory & stress responses."
      1  anti-inflammatory and analgesic properties."
      1  anti-inflammatory and anticancer potential of Cannabis sativa female flower; in vitro
      1  anti-lipoxygenase and antimicrobial activities of Scandix pecten-veneris L."
      1  anti-obesity and antioxidant activity of Ocimum Basilicum seeds essential oil from Palestine."
      1  anti-oxidant
      1  antiangiogenic
      1  anticancer activities and biological in vivo toxicity."
      1  anticancer activities on cervical cancer cell lines and aero-digestive extract of Moringa oleifera."
      1  anticancer activity and toxicity against 14 species of microbial pathogens."
      1  anticancer and cytotoxic effects of Psidium guajava leaf extracts."
      1  anticancer and potential risk."
      1  antilipoxygenase and cytotoxic activities of Jacaranda mimosifolia methanol leaf extracts and fractions."
      1  antioxidant and antibacterial
      1  autophagy
      1  autophagy and migration inhibition in p53 wild-type and p53-deficient gastric cancer cells."
      1  biological activities and toxicity of Pistacia chinensis subsp. integerrima: A comprehensive review."
      1  biosynthesis
      1  bisabolol
      1  brine shrimp lethality and molecular docking."
      1  but largely ignored
      1  but not in Beas-2b cell lines."
      1  cancer
      1  caspase-3 activation and mitochondrial membrane potential destruction in human colorectal cancer HCT-116 cells."
      1  causes apoptosis
      1  cirsimaritin on breast cancer metastasis in MDA-MB-231 breast cancer cells."
      1  clinical trial."
      1  cytochrome c release and on cytosolic calcium levels in different cancer cell lines."
      1  cytokine profile and inhibition of transcription factor activation."
      1  cytotoxic and cell based studies of some novel side chain analogues of myrrhanones A & B isolated from the gum resin of Commiphora mukul."
      1  dissipation of mitochondrial membrane potential and cytochrome c release."
      1  effect against Fusarium verticillioides and fumonisins production."
      1  enhanced differentiation in human colon cancer cells."
      1  essential oil
      1  from hydromethanolic leaf extract of Acorus calamus L. and its apoptosis-inducing mechanism in A549 cells."
      1  fruit
      1  fruit and stem extracts of Pistacia lentiscus from Tunisia."
      1  glutathione S-transferase
      1  guieranone A."
      1  health benefits
      1  hepatocarcinoma
      1  histological analysis.
      1  in vivo and in silico approaches."
      1  in-vitro and in-silico study."
      1  induces autophagy in human oral cancer cells."
      1  in vitro cytotoxicity
      1  leaves
      1  lung
      1  lymphoma cell-lines."
      1  mTOR
      1  metastasis and BCSCS-like traits of TNBC via inactivation of STAT3."
      1  migration
      1  migration and metastasis by downregulating the transcriptional activity of Runx2."
      1  mitochondrial
      1  molecular docking
      1  molecular docking and DFT studies of novel isoxazole derivatives of diosgenin
      1  network pharmacology analysis
      1  on Bacteria Causing Opportunistic Infections."
      1  on the production of human cytokines: I. Inflammatory cytokines."
      1  p38 and MPO signaling in sPLA2 induced mice paw oedema."
      1  p53 and PPARgamma in human colon cancer Caco-2 cells."
      1  perilipin A
      1  pharmacological activities
      1  pharmacology and toxicology of Sarcandra species."
      1  pharmacology of Cinnamomi cortex."
      1  porcine pancreatic α-amylase
      1  potentiation of apoptosis
      1  produces paclitaxel that shows cytotoxicity."
      1  quality control
      1  represses chromatin transcription and alters global gene expression."
      1  saponin-enriched and aqueous fractions."
      1  structural characteristics and bioactivities."
      1  synergistically enhances the cytotoxicity of chemotherapeutic drugs in human liver cancer cells but not non-neoplastic liver cells."
      1  tetra-
      1  thermodynamic and epigenetic events in MCF7 breast cancer cells."
      1  toxicity and synthesis."
      1  upregulates autophagy and synergistically sensitizes human GBM8901 glioblastoma cells to temozolomide."
      1  urolithin A
      1  vehicle-controlled
      1  wheat germ
      1 "10372966
      1 "11592774
      1 "12692341
      1 "15259066
      1 "1560546
      1 "16688481
      1 "16823089
      1 "17250858
      1 "17256107
      1 "17256902
      1 "17324258
      1 "17557191
      1 "17701125
      1 "18043739
      1 "18301900
      1 "18645030
      1 "18682897
      1 "19052819
      1 "19161316
      1 "19294383
      1 "19419169
      1 "19740412
      1 "19753138
      1 "20842231
      1 "20878549
      1 "21161373
      1 "21194464
      1 "21455422
      1 "21561421
      1 "21691578
      1 "21713135
      1 "21805335
      1 "21833842
      1 "21943109
      1 "22028734
      1 "22238065
      1 "22264149
      1 "22271000
      1 "22403544
      1 "22448259
      1 "22458551
      1 "22476613
      1 "22476631
      1 "22488244
      1 "22527143
      1 "22701292
      1 "22719626
      1 "22761015
      1 "22772656
      1 "22780686
      1 "23095895
      1 "23108957
      1 "23222867
      1 "23230277
      1 "23273564
      1 "23297350
      1 "23338523
      1 "23489423
      1 "23573119
      1 "23628705
      1 "23717075
      1 "23717119
      1 "23726663
      1 "23818933
      1 "23837071
      1 "23843889
      1 "23873099
      1 "23905023
      1 "23915242
      1 "23935670
      1 "23986452
      1 "24029401
      1 "24311839
      2 "24347921
      1 "24371819
      1 "24555641
      1 "24596622
      1 "24816646
      1 "24876866
      1 "24876870
      1 "25074702
      1 "25125885
      1 "25162032
      1 "25206810
      1 "25242961
      1 "25338846
      1 "25496022
      1 "25554737
      1 "25573487
      1 "25624117
      2 "25636033
      1 "25657798
      1 "25658707
      1 "25717238
      1 "25802170
      1 "25805126
      1 "25829569
      1 "25847449
      1 "25847780
      1 "25859300
      1 "25861638
      1 "25875121
      1 "25962089
      1 "26068982
      1 "26079044
      1 "26131123
      1 "26137092
      1 "26157333
      1 "26161361
      1 "26170956
      1 "26179481
      1 "26302345
      1 "26322380
      1 "26437394
      1 "26447600
      1 "26490980
      1 "26539720
      1 "26633352
      1 "26722868
      1 "26729953
      1 "26745145
      1 "26761887
      1 "27025511
      1 "27068721
      1 "27069727
      1 "27133260
      1 "27152946
      1 "27248992
      1 "27251124
      1 "27259053
      1 "27262323
      1 "27263005
      1 "27269377
      1 "27294893
      1 "2731185
      1 "27367721
      1 "27526775
      1 "27537870
      1 "27540320
      1 "27626678
      1 "27642361
      1 "27644244
      1 "27649635
      1 "27656602
      1 "27688825
      1 "27704359
      1 "27746872
      1 "27777954
      1 "27903279
      1 "27976692
      1 "28030911
      1 "28045449
      1 "28101244
      1 "28155567
      1 "28187694
      1 "28217373
      1 "28301605
      1 "28503048
      1 "28503053
      1 "28708113
      1 "28749106
      1 "28754836
      1 "28781636
      1 "28831068
      1 "28911433
      1 "28990104
      1 "29029410
      1 "29033850
      1 "29057832
      1 "29057840
      1 "29233873
      1 "29259649
      1 "29264854
      1 "29317893
      1 "29334931
      1 "29351747
      1 "29370858
      1 "29379440
      1 "29403999
      1 "29426257
      1 "29441017
      1 "29576845
      1 "29636077
      1 "29702555
      1 "29858717
      1 "29963678
      1 "30008938
      1 "30098419
      1 "30250645
      1 "30366373
      1 "30403726
      1 "30410421
      1 "30410935
      1 "30429852
      1 "30544561
      1 "30545108
      1 "30555770
      1 "30568691
      1 "30591807
      1 "30597965
      1 "30650517
      1 "30755827
      1 "30781783
      1 "30815030
      1 "30847757
      1 "30857315
      1 "30956345
      1 "31000630
      1 "31015899
      1 "31063860
      1 "31064325
      1 "31069662
      1 "31110550
      1 "31115576
      1 "31118873
      1 "31121832
      1 "31137493
      1 "31151442
      1 "31179342
      1 "31186733
      1 "31193479
      1 "31212800
      1 "31226154
      1 "31235855
      1 "31248181
      1 "31275044
      1 "31275149
      1 "31311204
      1 "31416271
      1 "31443430
      1 "31572506
      1 "31683746
      1 "31719837
      1 "31731548
      1 "31852129
      1 "31861064
      1 "31867414
      1 "31878245
      1 "31885716
      1 "31892939
      1 "31893584
      1 "31941048
      1 "31963129
      1 "32012853
      1 "32028721
      1 "32088363
      1 "32138245
      1 "32182802
      1 "32214920
      1 "32224910
      1 "32245466
      1 "32326113
      1 "32328247
      1 "32346056
      1 "32377288
      1 "32468255
      1 "32499668
      1 "32508536
      1 "32529352
      1 "32545187
      1 "32547015
      1 "32547233
      1 "32581782
      1 "32587673
      1 "32595597
      1 "32650498
      1 "32679544
      1 "32685806
      1 "32708030
      1 "32708138
      1 "32784680
      1 "32806771
      1 "32825564
      1 "32859223
      1 "32884702
      1 "32905471
      1 "32923932
      1 "32939417
      1 "32945502
      1 "32991152
      1 "33024874
      1 "33050385
      1 "33066411
      1 "33105657
      1 "33193849
      1 "33228222
      1 "33239874
      1 "33255502
      1 "33256764
      1 "33291643
      1 "33297339
      1 "33350834
      2 "33396790
      1 "33435708
      1 "33442249
      1 "33477394
      1 "33499180
      1 "33510426
      1 "33542222
      1 "33552000
      1 "33584291
      1 "33671245
      1 "33672486
      1 "33673021
      1 "33692901
      1 "33708876
      1 "33746602
      1 "33778287
      1 "33794238
      1 "33796678
      1 "33803599
      1 "33804108
      1 "33805795
      1 "33807056
      1 "33836687
      1 "33893998
      1 "33898869
      1 "33900512
      1 "33915821
      1 "33916183
      1 "33916438
      1 "33916916
      1 "33917159
      1 "33918740
      1 "33946757
      1 "33967794
      1 "33994890
      1 "34040741
      2 "34067322
      1 "34068300
      1 "34071441
      1 "34072236
      2 "34072312
      1 "34082768
      1 "34135905
      1 "34165177
      1 "34198512
      1 "34198769
      1 "34201791
      1 "34206999
      1 "34276374
      1 "34374477
      1 "34422305
      1 "34502417
      1 "34531754
      1 "34573107
      1 "34577053
      1 "34578715
      1 "34611806
      1 "34621671
      1 "34659503
      1 "34681066
      1 "34681694
      1 "34683920
      1 "34685949
      1 "34697553
      1 "34731386
      1 "34733368
      1 "34760259
      1 "34764636
      1 "34795371
      1 "34825082
      1 "34827106
      1 "34829001
      1 "34829756
      1 "34834687
      1 "34834871
      1 "34869223
      1 "34883674
      1 "34885754
      2 "34899301
      1 "34925817
      1 "34935092
      1 "34940711
      1 "34943703
      1 "34959693
      1 "34978696
      1 "34992370
      1 "35028318
      1 "35052675
      1 "35069765
      1 "35089399
      1 "35112482
      1 "35154686
      1 "35158798
      1 "35159698
      1 "35164167
      1 "35169857
      1 "35177986
      1 "35215300
      1 "35250565
      1 "35264654
      1 "35265584
      1 "35268696
      1 "35270070
      1 "35280570
      1 "35281122
      1 "35324835
      1 "35326110
      1 "35330088
      2 "35331291
      1 "35334790
      1 "35335292
      1 "35335342
      1 "35335982
      1 "35335986
      1 "35336637
      1 "35370661
      1 "35371901
      1 "35372513
      1 "35385921
      1 "35399416
      1 "35403384
      1 "35408483
      1 "35445731
      1 "35449822
      2 "35450054
      1 "35467168
      1 "35492955
      1 "35495356
      1 "35517561
      1 "35530580
      1 "35539008
      1 "35564016
      1 "35600433
      1 "35614187
      1 "35621538
      1 "35628435
      1 "35631393
      1 "35631812
      1 "35674939
      1 "35683697
      1 "35704651
      1 "35712503
      1 "35729947
      1 "35739971
      1 "35744986
      1 "35745024
      1 "35774597
      1 "35795862
      1 "35807324
      1 "35837135
      1 "35883849
      1 "35885305
      1 "35892335
      1 "35961303
      1 "35972548
      1 "35991986
      1 "35999223
      1 "36012159
      1 "36032452
      1 "36033689
      1 "36046484
      1 "36070022
      1 "36077338
      1 "36080361
      1 "36085575
      1 "36092673
      1 "36105163
      1 "36110188
      1 "36111358
      1 "36118048
      1 "36118528
      1 "36120599
      1 "36136551
      1 "36140861
      1 "36144560
      1 "36149310
      1 "36172521
      1 "36193250
      1 "36197921
      1 "36233307
      1 "36234965
      1 "36234977
      1 "36235222
      1 "36235309
      1 "36238575
      1 "36244999
      1 "36248245
      1 "36276242
      1 "36277139
      1 "36290288
      1 "36290799
      1 "36297589
      1 "36317599
      1 "36340803
      1 "36341053
      1 "36356021
      1 "36364303
      1 "36365224
      1 "36367667
      1 "36403263
      1 "36407559
      1 "36421360
      1 "36421448
      1 "36432824
      1 "36447929
      1 "36474507
      1 "36478914
      1 "36496432
      1 "36499518
      1 "36500537
      1 "36501163
      1 "36536885
      1 "36551125
      1 "36552623
      1 "36558061
      1 "36558554
      1 "36561961
      1 "36583146
      1 "36585670
      1 "36590106
      1 "36591115
      1 "36597025
      1 "36612248
      1 "36613643
      1 "36614277
      1 "36615463
      1 "36616228
      1 "36636205
      1 "36643564
      1 "36648960
      1 "36671260
      1 "36674595
      1 "36675191
      1 "36676983
      1 "36713843
      1 "36765716
      1 "36771665
      1 "3679286
      1 "36803115
      1 "36830281
      1 "36835550
      1 "36838743
      1 "36838857
      1 "36838977
      1 "36839664
      1 "36845955
      1 "36873169
      1 "36875960
      1 "36895384
      1 "36911405
      1 "36978433
      1 "36978928
      1 "36986662
      1 "36986949
      1 "37049543
      1 "37147765
      1 "37155017
      1 "37159859
      1 "37187523
      1 "37259460
      1 "37317243
      1 "37324556
      1 "37342238
      1 "37375320
      1 "37375774
      1 "37375914
      1 "37383677
      1 "37389090
      1 "37389646
      1 "37409635
      1 "37416845
      1 "37441272
      1 "37458972
      1 "37501975
      1 "37513349
      1 "37513904
      1 "37521653
      1 "37547337
      1 "37568716
      1 "37570757
      1 "37578619
      1 "37583906
      1 "37634079
      1 "37653930
      1 "37655001
      1 "37720567
      1 "37737967
      1 "37759583
      1 "37773101
      1 "3778811
      1 "37823107
      1 "37860248
      1 "37872260
      1 "37876938
      1 "37892120
      1 "37896851
      1 "37906583
      1 "37919474
      1 "37941801
      1 "37950803
      1 "37964782
      1 "37966624
      1 "37969975
      1 "38003206
      1 "38005733
      1 "38024697
      1 "38027882
      1 "38034771
      1 "38038807
      1 "38067451
      1 "38067457
      1 "38067535
      1 "38103080
      1 "38129413
      2 "38133203
      1 "38139247
      1 "38140103
      1 "38169011
      1 "38197069
      1 "38203175
      1 "38203672
      1 "38204248
      1 "38211549
      1 "38213241
      1 "38223198
      1 "38223827
      1 "38229425
      1 "38254589
      1 "38257261
      1 "38268908
      1 "38275700
      1 "38276702
      1 "38285114
      1 "38298622
      1 "38312482
      1 "38344440
      1 "38369892
      1 "38392223
      1 "38396910
      1 "38400579
      1 "38425411
      1 "38455958
      1 "38463787
      1 "38463830
      1 "38478601
      1 "38528316
      1 "38539911
      1 "38586374
      1 "38592749
      1 "38611494
      1 "38640337
      1 "38668617
      1 "38680152
      1 "38698985
      1 "38707648
      1 "38714603
      1 "38717427
      1 "38727781
      1 "38731287
      1 "38732396
      1 "38734708
      1 "38756557
      1 "38776380
      1 "38776418
      1 "38790794
      1 "38790983
      1 "38794244
      1 "38809696
      1 "38817383
      1 "38828022
      1 "38859783
      1 "38872861
      1 "38910887
      1 "38915036
      1 "38927099
      1 "38928331
      1 "38931045
      1 "3897473
      1 "38999898
      1 "39000045
      1 "39000172
      1 "39003454
      1 "39060291
      1 "39061853
      1 "39064624
      1 "39064669
      1 "39065720
      1 "39071790
      1 "39076783
      1 "39082165
      1 "39091955
      1 "39101984
      1 "39108121
      1 "39108545
      1 "39124251
      1 "39130536
      1 "39132159
      1 "39138188
      1 "39151097
      1 "39187367
      1 "39199550
      1 "39201478
      1 "39204080
      1 "39204388
      1 "39224639
      1 "39229580
      1 "39229585
      1 "39247112
      1 "39257397
      1 "39263308
      1 "39268408
      1 "39268412
      1 "39275095
      1 "39282130
      1 "39297456
      1 "39318250
      1 "39350981
      1 "39353912
      1 "39359181
      1 "39359831
      1 "39377873
      1 "39390040
      1 "39430520
      1 "39440731
      1 "39443601
      1 "39456822
      1 "39459293
      1 "39479608
      1 "39484638
      1 "39497688
      1 "39513810
      1 "39651565
      1 "39682707
      1 "39682863
      1 "39692955
      1 "39697544
      1 "39707666
      1 "39729480
      1 "39754576
      1 "39766582
      1 "39767114
      1 "39780079
      1 "39795229
      1 "39795950
      1 "39830156
      1 "39840098
      1 "39852509
      1 "39860148
      1 "39897816
      1 "39905687
      1 "39925843
      1 "39932506
      1 "39943031
      1 "40024014
      1 "40026359
      1 "40028611
      1 "40047961
      1 "40061631
      1 "40066340
      1 "40067558
      1 "40071026
      1 "40082365
      1 "40099584
      1 "40104089
      1 "40118839
      1 "40136760
      1 "40137301
      1 "40141978
      1 "40149610
      1 "40212228
      1 "40213697
      1 "40227400
      1 "40234918
      1 "40256710
      1 "40265021
      1 "40278237
      1 "40278767
      1 "40298835
      1 "40303917
      1 "40336868
      1 "40355768
      1 "40366858
      1 "40402353
      1 "40438589
      1 "40444133
      1 "40447838
      1 "40456810
      1 "40488047
      1 "40488190
      1 "40490746
      1 "40565694
      1 "40569946
      1 "40572668
      1 "40572822
      1 "40584128
      1 "40584613
      1 "40608162
      1 "40620498
      1 "40671046
      1 "40685356
      1 "521060
      1 "7462317
      1 "7485408
      1 "8083969
      1 "A
      5 "A Cancer
      1 "A Cisplatinresistant Lung Cancer
      1 "A Epidermoid Carcinoma
      1 "A Human Melanoma
      3 "A Lung Adenocarcinoma
     17 "A Lung Cancer
      1 "A Lung Carcinoma
      1 "A Melanoma
      1 "A Nonsmall Cell Lung Cancer
      1 "Acral Melanoma
      3 "Acta Rev Cancer
      1 "Acute Leukemia
      3 "Acute Lymphoblastic Leukemia
      1 "Acute Lymphocytic Leukemia
      1 "Acute Myelogenous Leukemia
      9 "Acute Myeloid Leukemia
      1 "Acute Myeloid Leukemiainduced Tcell Suppression
      1 "Acute Myeloid Leukemiaxaj Immunol
      1 "Addp Lung Cancer
      7 "Adenocarcinoma
      1 "Adenocarcinoma Of Lung
      1 "Aggressive Cancers
      1 "Ags Cancer
      4 "Ags Gastric Cancer
      1 "Ajcc Cancer
      1 "Albuminbased Cancer
      1 "Alknegative Anaplastic Largecell Lymphoma
      2 "Am J Cancer Res
      1 "Anaplastic Thyroid Carcinoma
      2 "Antibreast Cancer
      1 "Antihepatocellular Carcinoma
      1 "Antiovarian Cancer
      1 "Antiskin Cancer
      1 "Antithyroid Cancer
      1 "Aomdssinduced Colon Cancer
      1 "Appl Cancer Res
      1 "Ascites Carcinoma
      1 "Au Breast Cancer
      1 "B Cell Acute Lymphoblastic Leukemia
      3 "B Cell Lymphoma
      1 "Bacterial And Cancer Cell
      2 "Balkwill F Cancerrelated Inflammation
      1 "Bapinduced Lung Cancer
      4 "Bcell Lymphoma
      2 "Bcell Lymphoma  Bcl
      1 "Beating Cancer
      6 "Bf Melanoma
      8 "Bladder Cancer
      1 "Bladder Carcinoma
      1 "Block Cancer
      5 "Blood Cancer
      1 "Bone Cancer
      1 "Bone Metastasis Of Prostate Cancer
      5 "Breast Adenocarcinoma
      1 "Breast And Cervical Cancer
      1 "Breast And Colon Carcinoma
      2 "Breast And Lung Cancer
      2 "Breast And Ovarian Cancer
    159 "Breast Cancer
      1 "Breast Cancer Mdamb
      6 "Breast Cancer Res
      3 "Breast Carcinoma
      1 "Breast Mcf Cancer
      1 "Breast Mcf Cancer Cell Lines
      1 "Breast Neoplasms
      1 "Burkitt Leukemialymphoma
      2 "Burkitt Lymphoma
      1 "C Cancer
      2 "C Glioma
      1 "Ca Cancer
      2 "Caco Cancer
      1 "Caco Cancer Cell
      1 "Cancer Anorexiacachexia Syndrome
      1 "Cancer Cachexia
      1 "Cancer Cell Death
      1 "Cancer Cell Lines
      1 "Cancer Cell Metastasis
      1 "Cancer J  Mar
      1 "Cancer Malignancy
      2 "Cancer Metastasis
      3 "Cancer Metastasis Rev
      4 "Cancer Pain
      4 "Cancer Prev
      4 "Cancer Prev Res
      3 "Cancer Res
      1 "Cancerous And Noncancerous Cell Lines
      1 "Cancerrelated
      1 "Cancerrelated Fatigue
     76 "Carcinoma
      1 "Carcinomas
      4 "Castrationresistant Prostate Cancer
      1 "Ccrfcem Leukemia
      1 "Cemadr Leukemia
      4 "Cervical Cancer
      1 "Cervical Cancer Cell Line
      1 "Chemoresistance Of Hepatocellular Carcinoma
      2 "Cholangiocarcinoma
      2 "Choriocarcinoma
      2 "Chronic Myelogenous Leukemia
      2 "Chronic Myeloid Leukemia
      1 "Clear Cell Carcinoma Of The Ovary
      1 "Clear Cell Carcinomas
      1 "Colitisassociated Colon Cancer
      2 "Colon Adenocarcinoma
     23 "Colon Cancer
      1 "Colon Cancer  A
      1 "Colonic Adenocarcinoma
     20 "Colorectal Cancer
      1 "Colorectal Cancer Liver Metastasis
      2 "Colorectal Carcinoma
      1 "Colorectal Carcinomas
     10 "Colorectal Neoplasms
      1 "Covidassociated Cancer
      1 "Cptresistant Lovo Colon Cancer
      1 "Cutaneous Malignant Melanoma
      1 "Cutaneous Squamous Cell Carcinoma
      1 "Cutaneous T Cell Lymphoma
      1 "Daltons Ascitic Lymphoma
      1 "Daltons Lymphoma
      1 "Deng J Antiprostate Cancer
      1 "Denny L Cervical Cancer
      1 "Diet And Cancer
      1 "Dietary Cancer
      1 "Dimethylhydrazineinduced Colorectal Cancer
      2 "Diseases
      1 "Diseases Like Cancer
      1 "Dlainduced Lymphoma
      1 "Dmbainduced Breast Cancer
      1 "Dmbainduced Cancer
      1 "Dmbainduced Precancerous Lesions Of The Buccal Mucosa
      1 "Dmbainduced Skin Carcinoma
      1 "Dnadamaging Cancer
      1 "Dot Cancer Of The Cervix
      1 "Doublehit Lymphoma
      1 "Du Cancer
      1 "Du Prostate Cancer
      1 "Du Prostate Carcinoma
      1 "Egfrmutant Lung Cancer
      3 "Ehrlich Ascites Carcinoma
      1 "Ehrlich Carcinoma
      1 "Ehrlich Solid Carcinoma
      1 "Ehrlichs Ascites Carcinoma
      1 "Ej Bladder Cancer
      1 "Embryonal Carcinoma
      1 "Endometrial Cancer
      1 "Enuinduced Leukemia
      1 "Epithelial Ovarian Cancer
      1 "Epsteinbarr Viruspositive Gastric Cancers
      1 "Esophageal Squamous Carcinoma
      2 "Esophageal Squamous Cell Carcinoma
      1 "Estrogen Receptorpositive Breast Cancer
      1 "Eur J Cancer
      2 "Ewing Sarcoma
      4 "Fibrosarcoma
      1 "Gastric Adenocarcinoma
      3 "Gastric Cancer
      2 "Gastric Carcinoma
      1 "Gastric Precancerous Lesion
      1 "Germinal Centerderived Lymphomas
      1 "Gi Cancer
     12 "Glioblastoma
      4 "Glioma
     12 "Global Cancer
      3 "H Lung Cancer
      1 "Halfdanarson Tr Colorectal Cancer
      1 "Hct Cancer
      2 "Hct Colon Cancer
      2 "Hct Colorectal Cancer
      1 "Hct Human Cancer Cell Lines
      4 "Head And Neck Cancer
      1 "Head And Neck Squamous Cell Carcinoma
      1 "Hepatic Cancer
      2 "Hepatocarcinoma
      1 "Hepatocellular Cancer
     13 "Hepatocellular Carcinoma
      4 "Hepg Cancer
      1 "Hepg Hepatocarcinoma
      1 "Hepg Hepatoma Cancer
      1 "Hepg Human Cancer Cell
      2 "Hepg Liver Cancer
      2 "Herpositive Breast Cancer
      1 "Hiv
      2 "Hl Human Leukemia
      2 "Hl Leukemia
      1 "Hpvrelated Uterine Cervical Cancer
      2 "Ht Cancer
      1 "Ht Colon Cancer
      1 "Human Adenocarcinoma
      1 "Human Breast Cancer
      1 "Human Breast Cancer Mdamb
      5 "Human Cancer
      4 "Human Cancer Cell
      3 "Human Cancer Cell Lines
      1 "Human Cancer Cell Lines Hct
      1 "Human Cervical Squamous Cancer
      1 "Human Cervix Epithelial Adenocarcinoma
      1 "Human Colon Cancer
      1 "Human Hepatocarcinoma Cell Line Hepg
      1 "Human Hepatocellular Carcinoma
      1 "Human Leukemia And Lymphoma
      1 "Human Leukemia K
      2 "Human Liver Cancer
      1 "Human Lung Adenocarcinoma
      1 "Human Lung Carcinoma
      2 "Human Melanoma
      1 "Human Monocytic Leukemia
      1 "Human Stomach Cancer
      2 "Integr Cancer
      1 "J Cancer
      6 "Jemal A Cancer
      1 "Jr Ovarian Cancer
      1 "K Cancer
      1 "K Metastatic Colorectal Cancer
      1 "Kaposis Sarcoma
      1 "Kaposis Sarcoma Herpesvirus
      1 "Kidney Cancer
      1 "Klebsiella Pneumoniae From Lung Cancer
      1 "L Leukemia
      1 "Leuk Lymphoma
     32 "Leukemia
      1 "Leukemialymphoma
      1 "Lewis Lung Cancer
      1 "Liu J Anticancer
      1 "Liu Y Scutellaria Barbata D Doninhibits Cervical Cancer Cell Proliferation
      1 "Liver Cancer
      1 "Ln Cancer Cell
      1 "Lovo Colon Cancer
      1 "Lung Adenocarcinoma
      6 "Lung Cancer
      1 "Lungs Cancer
      6 "Lymphoma
      1 "Malignancy
      1 "Malignant Peritoneal Sarcomatosis
      3 "Mcf Breast Cancer
      2 "Mdamb Breast Cancer
      1 "Mdamb Carcinoma
      2 "Mdamb Triplenegative Breast Cancer
     17 "Melanoma
      1 "Metastasis
      1 "Metastasis Of Breast Cancer
      1 "Miapaca Human Pancreatic Cancer
      1 "Mkn Gastric Cancer
      9 "Mol Cancer
      2 "Mol Cancer Res
      1 "Moloney Murine Leukemia Virus
      1 "Mucosal Premalignancy
      1 "Myeloid Cell Leukemia
      1 "Nasopharyngeal Carcinoma
      1 "Ncih Lung Cancer
      1 "Ncih Nonsmall Cell Lung Cancer
      1 "Neefjes J Increased Colon Cancer
     11 "Neoplasm
      4 "Neoplasm Metastasis
    115 "Neoplasms
      2 "Neoplastic
      7 "Neuroblastoma
      1 "Nonmelanoma Skin Cancer
      2 "Nonsmall Cell Lung Cancer
      2 "Nonsmallcell Lung
      1 "Nonsmallcell Lung Cancer
      1 "Ntg Neuroblastoma
      4 "Nutr Cancer
      2 "Oral Cancer
      2 "Oral Squamous Cell Carcinoma
      6 "Ovarian Cancer
      1 "Ovarian Cancer Ho
      1 "Ovarian Carcinoma
      1 "Ovarian Cysts
      1 "Pancreatic Adenocarcinoma
      1 "Pancreatic Cancer
      1 "Papillary Thyroid Carcinoma
      2 "Papilloma
      1 "Pc Cancer
      1 "Pnacreatic Cancer
      1 "Polyphenols In Cancer
      1 "Pozarowski
      3 "Prostate Cancer
      1 "Recurrent Oral Cancer
      1 "Renal Cell Carcinoma
      3 "Rev Cancer
      1 "Rv Prostate Cancer
      1 "S Lymphoma Ascites
      1 "Sarcoma
      1 "Sgc Cancer
      1 "Smallcell Lung Cancer
      1 "Squamous Cell
      1 "Tcell Acute Lymphoblastic Leukemia Molt
      1 "Tcell Leukemialymphoma
      4 "Thyroid Cancer
      1 "Thyroid Carcinoma
      1 "Tobacco Carcinogen Nnkinduced Lung Cancer
      1 "Tongue Cancer
      1 "Toxic
      4 "Urinary Bladder Neoplasms
      1 "Virus
     98 -
      1 10192966
      1 10211940
      1 10330400
      1 10332924
      1 10425214
      1 10919658
      1 10963313
      1 11001386
      1 11291834
      1 11337016
      1 11406836
      1 11453543
      1 11513978
      1 11521756
      1 11722575
      1 11754876
      1 11858748
      1 11859462
      1 12066204
      1 12451486
      1 12527325
      1 12543062
      1 12697268
      1 12708740
      1 12732291
      1 12787822
      1 12816951
      1 1371535
      1 1376954
      1 14600414
      1 14646178
      1 14672560
      1 14704287
      1 15036657
      1 15124084
      1 15161234
      1 15234761
      1 15254692
      1 15322087
      1 15693715
      1 15799001
      1 15845901
      1 15936648
      1 15941307
      1 15975709
      1 16005473
      1 16038548
      1 16052481
      1 16101401
      1 16154156
      1 16158964
      1 16258257
      1 16272690
      1 16275996
      1 16309225
      1 16352298
      1 16355390
      1 1638554
      1 16423557
      1 16448212
      1 16491453
      1 16493072
      1 16552836
      1 1658010
      1 16624823
      1 16672562
      1 16697106
      1 16706507
      1 16953336
      1 17007926
      1 17012762
      1 17072010
      1 17141290
      1 17295185
      1 17351028
      1 17404065
      1 174251
      1 17434475
      1 17487093
      1 17508775
      1 17511006
      1 17580910
      1 17622795
      1 17634038
      1 17640057
      1 17661490
      1 17673602
      1 18034743
      1 18202020
      1 18281560
      1 18384095
      1 18403247
      1 18413805
      1 18464090
      1 18484546
      1 18496814
      1 18521747
      1 18584489
      1 18718743
      1 18721815
      1 18849011
      1 18923163
      1 19147543
      1 19147565
      1 19148524
      1 19262558
      1 19344684
      1 19429433
      1 19452550
      1 19483651
      1 19499882
      1 19553887
      1 19577445
      1 19578764
      1 19585476
      1 19689273
      1 19719126
      1 19740639
      1 19773391
      1 19793347
      1 19815597
      1 19828235
      1 19838929
      1 19844824
      1 19895793
      1 19912650
      1 2'
      1 2-dimethylhydrazine in erythrocyte during colon postinitiation carcinogenesis."
      1 2-dimethylhydrazine-induced experimental rat colon carcinogenesis."
      1 2-dimethylhydrazine-induced rat colon carcinogenesis."
      1 20017956
      1 20034474
      1 20045721
      1 20095617
      1 20098626
      1 20105176
      1 20150224
      1 20204303
      1 20460721
      1 20460809
      1 20521992
      1 20555145
      1 20556707
      1 20600757
      1 20622433
      1 20702494
      1 20714317
      1 20839630
      1 20858484
      1 20939605
      1 21-triene induces cell cycle arrest and apoptosis in treatment-resistant prostate cancer cells."
      1 21049399
      1 21067181
      1 21087351
      1 21188975
      1 21209716
      1 21225077
      1 21294856
      1 21302037
      1 21394806
      1 21410768
      1 21442031
      1 21499721
      1 21596068
      1 21658438
      1 21699893
      1 21702037
      1 21720559
      1 21839077
      1 21852088
      1 21855619
      1 21899268
      1 21908486
      1 21919598
      1 21922920
      1 21933914
      1 21943109
      1 21950205
      1 21953315
      1 21967460
      1 21998290
      1 22020372
      1 22028734
      1 22057812
      1 22089965
      1 22126901
      1 22179285
      1 22218924
      1 22227330
      1 22239689
      1 22263789
      1 22326805
      1 22329497
      1 22330086
      1 22403544
      1 22417526
      1 22417805
      1 22449077
      1 22492309
      1 22516543
      1 22554586
      1 22754952
      1 22759914
      1 22897477
      1 22902823
      1 22923859
      1 22957888
      1 22964499
      1 22966405
      1 22985636
      1 23010037
      1 23026290
      1 23043610
      1 23051672
      1 23064031
      1 23074921
      1 23085518
      1 23108957
      1 23142241
      1 23194196
      1 23245566
      1 23270478
      1 23287130
      1 23298829
      1 23333573
      1 23339401
      1 23410205
      1 23428969
      1 23471882
      1 23573262
      1 23602914
      1 23664494
      1 23754298
      1 23785437
      1 23811100
      1 23843889
      1 23867245
      1 23983146
      1 24008356
      1 24018191
      1 24101441
      1 24123777
      1 24162594
      1 24212072
      1 24250463
      1 24323765
      1 24336744
      1 24489592
      1 24496985
      1 24522472
      1 24588282
      1 24617303
      1 24641364
      1 24651440
      1 24693327
      1 24708412
      1 24723453
      1 24748732
      1 24755638
      1 24804073
      1 24808916
      1 24909202
      1 2498262
      1 24998578
      1 25115102
      1 25129755
      1 25141923
      1 25162013
      1 25168151
      1 25195133
      1 25226533
      1 25241984
      1 25379467
      1 25427623
      1 25476893
      1 25510440
      1 25536852
      1 25548920
      1 25573293
      1 25596735
      1 25625054
      1 25636872
      1 25671062
      1 25698245
      1 25710938
      1 25734831
      1 25785932
      1 25793965
      1 25819872
      1 25841057
      1 25987009
      1 25988120
      1 26101614
      1 26133679
      1 26134000
      1 2632067
      1 26328312
      1 26342518
      1 26362768
      1 26389520
      1 26389869
      1 26397804
      1 26411038
      1 26440401
      1 26478521
      1 26528921
      1 26547581
      1 26598918
      1 26622717
      1 26662963
      1 26851441
      1 26861967
      1 26870999
      1 26880438
      1 26888313
      1 26907089
      1 26923760
      1 26976765
      1 26997648
      1 27025367
      1 27043182
      1 27065873
      1 27066842
      1 27115720
      1 27121311
      1 27137679
      1 27193958
      1 27253411
      1 27261574
      1 27318969
      1 27403230
      1 27490540
      1 27586473
      1 27628241
      1 27628414
      1 27722140
      1 27755961
      1 27892675
      1 27910140
      1 28011127
      1 28017829
      1 28053884
      1 28058393
      1 28108377
      1 28108382
      1 28110438
      1 28190283
      1 28208828
      1 28239982
      1 28250648
      1 28259249
      1 28260192
      1 28260881
      1 28262508
      1 28274868
      1 28367666
      1 28454264
      1 28538206
      1 28548956
      1 28647179
      1 28669564
      1 28681622
      1 28708122
      1 28716085
      1 28721737
      1 28734931
      1 28738532
      1 28745081
      1 28757516
      1 28801140
      1 28818768
      1 28833603
      1 28891983
      1 28895047
      1 28951762
      1 28993980
      1 29039470
      1 29054762
      1 29061506
      1 29075192
      1 29108236
      1 29142404
      1 29164984
      1 29210118
      1 29246645
      1 29286228
      1 29287791
      1 29374471
      1 29465760
      1 29471888
      1 29511491
      1 29545210
      1 29706573
      1 29724132
      1 29735893
      1 29750308
      1 29751073
      1 29807795
      1 29846082
      1 29874411
      1 29887909
      1 29923222
      1 29969282
      1 3'
      1 30175115
      1 30191969
      1 30195041
      1 30213283
      1 30218747
      1 30231502
      1 30338663
      1 30362134
      1 30465833
      1 30526546
      1 30549611
      1 30561856
      1 3056988
      1 30613336
      1 30626136
      1 30668360
      1 30791374
      1 30791734
      1 30873702
      1 30879017
      1 30909473
      1 3092568
      1 30945309
      1 30951756
      1 31038133
      1 31109084
      1 31128004
      1 31154000
      1 31239861
      1 31251988
      1 31323754
      1 31336582
      1 31343956
      1 31353668
      1 31353707
      1 31353737
      1 31366123
      1 31374907
      1 31382131
      1 31382946
      1 31387060
      1 31391857
      1 31424673
      1 31426346
      1 31443189
      1 31500056
      1 31551653
      1 31569529
      1 31572064
      1 31678110
      1 31849483
      1 31915638
      1 31963790
      1 32109839
      1 32145316
      1 32151067
      1 32155920
      1 32226726
      1 32239464
      1 32289423
      1 32322173
      1 32326231
      1 32335480
      1 32371334
      1 32387883
      1 32418766
      1 32425780
      1 32438654
      1 32454225
      1 32464194
      1 32471050
      1 32521698
      1 32526345
      1 32531360
      1 32544580
      1 32547146
      1 32608462
      1 32700127
      1 32766303
      1 32780548
      1 32782437
      1 32784977
      1 32831516
      1 32845783
      1 32860090
      1 32877639
      1 32890565
      1 32895963
      1 32957961
      1 32959696
      1 32976723
      1 33007803
      1 33066549
      1 33105719
      1 33143346
      1 33159939
      1 33220271
      1 33233230
      1 33302731
      1 33383441
      1 33403879
      1 33418773
      1 33419098
      1 33429945
      1 33444328
      1 33447027
      1 33503913
      1 33565349
      1 33568591
      1 33574980
      1 33615752
      1 33652742
      1 33669341
      1 33801067
      1 33807147
      1 33824458
      1 33899147
      1 33918566
      1 33953688
      1 33964997
      1 33980087
      1 34043967
      1 34053523
      1 34086026
      1 34189299
      1 34217976
      1 34220238
      1 34263417
      1 34269984
      1 34287803
      1 34307163
      1 34319640
      1 34339023
      1 34393430
      1 34408399
      1 34427371
      1 34484390
      1 34512159
      1 34530714
      1 34559416
      1 34562562
      1 34678723
      1 34681952
      1 34684830
      1 34736000
      1 34750843
      1 34770797
      1 34803015
      1 34890886
      1 34901489
      1 34907714
      1 34916363
      1 34924998
      1 34946791
      1 35033733
      1 35056141
      1 35057049
      1 35078093
      1 35159423
      1 35163058
      1 35176951
      1 35193476
      1 35209066
      1 35326606
      1 35335190
      1 35398498
      1 35401175
      1 35428430
      1 35430270
      1 35444545
      1 35458672
      1 35475988
      1 35480668
      1 35497931
      1 35543232
      1 35561084
      1 35566113
      1 35592742
      1 35596731
      1 35624796
      1 35631385
      1 35652399
      1 35666314
      1 35674306
      1 35684488
      1 35710092
      1 35719838
      1 35814234
      1 35815778
      1 35844142
      1 35866877
      1 35867013
      1 35889305
      1 35903340
      1 35910099
      1 35928278
      1 35928281
      1 35933691
      1 35934768
      1 35956775
      1 35961595
      1 35984492
      1 35990843
      1 36001896
      1 36008909
      1 36014823
      1 36016565
      1 36046484
      1 36076790
      1 36097678
      1 36135592
      1 36199851
      1 36219718
      1 36337243
      1 36348196
      1 36358679
      1 36358997
      1 36364182
      1 36386915
      1 36415094
      1 36418467
      1 36420857
      1 36421296
      1 36431893
      1 36460279
      1 36469234
      1 36474507
      1 36500274
      1 36501085
      1 36532747
      1 36532788
      1 36570131
      1 36581166
      1 36633126
      1 36642359
      1 36662347
      1 36674530
      1 36701074
      1 36712505
      1 36731239
      1 36765611
      1 36807520
      1 36835006
      1 36838616
      1 36840181
      1 36863144
      1 36910317
      1 36964580
      1 36985571
      1 37008118
      1 37029956
      1 37044164
      1 37050205
      1 37059214
      1 37067745
      1 37110649
      1 37132222
      1 37137456
      1 37156972
      1 37194295
      1 37206037
      1 37228329
      1 37229275
      1 37239882
      1 37267793
      1 37291786
      1 37306628
      1 37322622
      1 37327514
      1 37355001
      1 37371968
      1 37375103
      1 37375348
      1 37375962
      1 37426815
      1 37445797
      1 37455847
      1 37457186
      1 37497225
      1 37500035
      1 37508848
      1 37519642
      1 37547689
      1 37558615
      1 37560689
      1 37576045
      1 37609006
      1 37687260
      1 37693900
      1 37731845
      1 37736256
      1 37750071
      1 37755940
      1 37783331
      1 37802868
      1 37805877
      1 37835492
      1 37852566
      1 37933160
      1 37954957
      1 37970400
      1 37975557
      1 37979085
      1 37992225
      1 37997960
      1 37999422
      1 38005268
      1 38012958
      1 38018343
      1 38029820
      1 38048746
      1 38076118
      1 38098043
      1 38103135
      1 38212737
      1 38232662
      1 38257341
      1 38258090
      1 38276015
      1 38279841
      1 38281518
      1 38285922
      1 38292259
      1 38304539
      1 38359707
      1 38365676
      1 3841215
      1 38420825
      1 38450823
      1 38474160
      1 38474434
      1 38481926
      1 38486187
      1 38487521
      1 38533031
      1 38533033
      1 38542889
      1 38563878
      1 38575073
      1 38579176
      1 38605145
      1 38611905
      1 38623169
      1 38646316
      1 38671881
      1 38675598
      1 38706426
      1 38731847
      1 38750377
      1 38751614
      1 38765804
      1 38788366
      1 38792145
      1 38794167
      1 38794187
      1 38799354
      1 38801471
      1 38816744
      1 38819452
      1 38847137
      1 38847180
      1 38893380
      1 38903205
      1 38909568
      1 38939069
      1 38945081
      1 38982918
      1 38993144
      1 39000565
      1 39010984
      1 39063170
      1 39063231
      1 39068492
      1 39081702
      1 39089196
      1 39092244
      1 39103402
      1 39106908
      1 39107456
      1 39123599
      1 39124141
      1 39135016
      1 39135442
      1 39171465
      1 39193730
      1 39204124
      1 39213234
      1 39219283
      1 39247112
      1 39273354
      1 39274982
      1 39278473
      1 39281772
      1 39294172
      1 39307687
      1 39339503
      1 39340243
      1 39340305
      1 39341077
      1 39352644
      1 39354554
      1 39357769
      1 39364737
      1 39399125
      1 39407546
      1 39410171
      1 39414197
      1 39414839
      1 39436586
      1 39444603
      1 39449928
      1 39462726
      1 39479380
      1 39494871
      1 39513603
      1 39554357
      1 39554372
      1 39561564
      1 39575387
      1 39604480
      1 39610932
      1 39643421
      1 39645053
      1 39645665
      1 39657537
      1 39671321
      1 39681523
      1 39684447
      1 39695827
      1 39736959
      1 39770489
      1 39770541
      1 39779566
      1 39781725
      1 39790360
      1 39843633
      1 39845802
      1 39918266
      1 39929652
      1 39936355
      1 39951454
      1 39956221
      1 39965349
      1 39983020
      1 39992133
      1 39992282
      1 39992729
      3 4
      1 4'-Trihydroxyisoflavone-4'-O-beta-D-Glucopyranoside from Crotalaria Sessililflora."
      1 4'-tetrahydroxy-3-(3-methyl-2-butenyl)-chalcone on tyrosinase activity and melanin biosynthesis."
      1 4-Tetrahydro-β-carboline-3-carboxylic Acid from the Leaves of Cichorium endivia."
      1 4-Tetrahydro-β-carboline-3-carboxylic acid from Cichorium endivia. L induces apoptosis of human colorectal cancer HCT-8 cells."
      1 4-disubstituted triazoles."
      1 4-pentadiene-3-one)
      1 4-seco-Oleana-4(23)
      1 40010257
      1 40032129
      1 40041199
      1 40043819
      1 40076581
      1 40080387
      1 40134568
      1 40140437
      1 40195283
      1 40202962
      1 40223459
      1 40232523
      1 40249711
      1 40267096
      1 40293515
      1 40293861
      1 40296548
      1 40325810
      1 40331959
      1 40334116
      1 40338444
      1 40353950
      1 40361585
      1 40365175
      1 40367370
      1 40411641
      1 40424641
      1 40427384
      1 40430418
      1 40430886
      1 40435702
      1 40467873
      1 40471965
      1 40516110
      1 40524682
      1 40525672
      1 40532996
      1 40547634
      1 40566490
      1 40567145
      1 40583423
      1 40602225
      1 40614344
      1 40627320
      1 40628690
      1 40642007
      1 40659692
      1 40663272
      1 40699761
      1 5-dimethyl-1
      1 5-diprenyldihydrochalcone) Inhibits Mitochondrial Metabolism in Combination with Avocatin B."
      1 520750
      1 6-heptatrien-3-one on mitochondrial and cellular processes."
      1 6-linked sialic acids in human brain tumours."
      1 6631435
      1 6alpha-olide] isolated from laurel (Laurus nobilis L.) induce cell death and morphological change indicative of apoptotic chromatin condensation in leukemia cells."
      1 6α-olide against dopamine-induced apoptosis in the human neuroblastoma SH-SY5Y cell line."
      1 7264680
      1 732541
      1 7417460
      1 7979417
      1 8-dihydrodiol-9
      1 8026716
      1 8226837
      1 8371985
      1 8603420
      1 8863688
      1 8888568
      1 9071941
      1 9404061
      1 9525101
      1 9544697
      1 9821667
      1 9931318
      1 9950252
      1 A Cancer
      1 A Lung Cancer
      1 Acute Myelocytic Leukemia
      1 Adenocarcinomas Of The Mammary Gland
      1 Alkaloidal Leukemia
      1 Bcell Lymphoma
      1 Breast And Endometrial Neoplasms
     25 Breast Cancer
      1 Breast Cancers
      2 Breast Carcinoma
      1 Breast Td Cancer Cell
    125 Cancer
      1 Cancer And Cardiovascular Diseases
      1 Cancer Cell Lines
      1 Cancer Cell Survival
      1 Cancer Cell Types
      1 Cancer Chemoradiotherapy
      1 Cancer Diseases
      1 Cancer Growth And
      1 Cancer Metastasis
      1 Cancer Metastasis Rev
      1 Cancer Of The Oesophagus
      2 Cancer Prev
     10 Cancers
      8 Carcinoma
      5 Cervical Cancer
      2 Cholangiocarcinoma
      4 Colon Cancer
      4 Colorectal Cancer
      1 Diseases Like Cancer
      1 Ehrlich Ascites Carcinoma
      1 Embryonal Carcinoma
      1 Endometrial Cancer
      1 Endometrial Carcinoma
      1 Gastric Adenocarcinoma
      3 Gastric Cancer
      3 Glioblastoma
      1 Glioma
      1 Haematological Cancer
      1 Hepatic Cancer
      8 Hepatocellular Carcinoma
      3 Hepg Cancer
      1 Hepg Human Cancer
      1 Hepg Human Liver Cancer
      2 Hl Cancer
      1 Hodgkins Lymphoma
      1 Ht Cancer
      1 Human Alveolar Adenocarcinoma Cell Line
      3 Human Breast Cancer
      8 Human Cancer
      1 Human Cancer A
     12 Human Cancer Cell
      1 Human Cancer Cell Line Sgc
      8 Human Cancer Cell Lines
      1 Human Cancer Cell Lines Bel
      1 Human Cancer Cell Lines Hel
      1 Human Cancer Cell Lines Hepg
      1 Human Cancer Cell Lines Hgc
      2 Human Cancer Cell Lines Hl
      1 Human Cancer Cell Lines Kb
      1 Human Cancer Hl
      1 Human Cancerous Lymphoblast Cellswith
      1 Human Carcinomas
      4 Human Colon Cancer
      1 Human Hepatocellular Carcinoma
      1 Human Hepatocellular Liver Carcinoma
      1 Human Laryngeal Cancer
      1 Human Laryngeal Epidermoid Carcinoma
      1 Human Lung Adenocarcinoma
      5 Human Lung Cancer
      1 Human Neuroblastoma Shsyy
      1 Human Neuroblastoma Shsyy Cells Injury
      1 Human Nonsmallcell Lung Cancer
      1 Human Ovarian Cancer
      1 Human Promyelocytic Leukemia Hl
      1 In vivo: Mice with carrageenan-induced paw edema.
      1 K(+)-ATPase inhibitory activities of new cardenolides from Asclepias curassavica."
      5 Leukemia
      1 Leukemia Cancer
      1 Leukemialymphoma
      2 Liver Cancer
      1 Lung Adenocarcinoma
     12 Lung Cancer
      1 Lymphomas
      1 Malignant Lymphomas
      1 Mammary Cancers
      1 Mdamb Breast Cancer
     13 Melanoma
      1 Metastasis Of Human Melanoma
      1 Molt Cancer
      1 Mouse Myeloma Spo
      1 Multiple Myeloma Cell Lines
      2 Neoplasm
     43 Neoplasms
      2 Neuroblastoma
      1 Nonmelanoma Skin Cancer
      1 Nonsmall Cell Lung Cancer
    101 Not available
      2 Oral Cancer
      1 Oryza Sativa (rice) Bran Wax
      4 Ovarian Cancer
      1 Prostate Cancer
      1 Raw  Cancer Cell Line
      1 Reduction In Skin Cancer
      1 Renal Cancer
      1 Retardation Of Cancer
      4 Sarcoma
      3 Skin Cancer
      1 Skmel Cancer
      1 Sw Cancer Cell
      1 Umg Cancer Cell
      1 Urinary Bladder Neoplasms
      1 Vincristineresistant Cervical Cancer Cell
      1 Vittata In Cancer
      1 cancer_type_cleaned
